mst_active_date,mst_address,mst_business_type,mst_company_name,mst_company_name_in_short,mst_company_type,mst_forg_orgname,mst_last_updated,mst_main_business_code,mst_managed_by,mst_phone_number,mst_representative,mst_status,mst_taxid,mst_timestamp,mst_url
2002-06-07,"Thôn Đồng Kỵ, Phường Đồng Kỵ, Thành phố Từ Sơn, Bắc Ninh",,HTX MỸ NGHỆ THĂNG LONG,,,,2024-10-27 11:38:01,,Cục Thuế Tỉnh Bắc Ninh,0241-831988,Dương Văn Năm,,2300225110,2025-03-03 09:59:26,https://masothue.com/2300225110-htx-my-nghe-thang-long
2023-11-03,"Khu phố Hà Liễu, Phường Phương Liễu, Thị xã Quế Võ, Tỉnh Bắc Ninh, Việt Nam","1610, 1621, 1622, 1623, 1629, 1701, 1702, 1709, 1811, 2220, 2592, 2599, 2610, 3290, 3320, 4610, 4649, 4659, 4669, 4690, 4761, 4772, 4773, 4933, 7710, 7730, 8299",CÔNG TY TNHH THƯƠNG MẠI & DỊCH VỤ PHƯƠNG NAM LT,"PHUONG NAM LT SERVICES & TRADING CO.,LTD",Công ty trách nhiệm hữu hạn 2 thành viên trở lên ngoài NN,PHUONG NAM LT SERVICES & TRADING COMPANY LIMITED,2025-01-06 18:18:01,1812,Chi cục Thuế khu vực Tiên Du - Quế Võ,0355738233,NGUYỄN THỊ PHƯƠNG,,2301263990,2025-03-03 09:59:28,https://masothue.com/2301263990-cong-ty-tnhh-thuong-mai-dich-vu-phuong-nam-lt
2023-11-08,"Khu phố Phương Cầu, Phường Phương Liễu, Thị xã Quế Võ, Tỉnh Bắc Ninh, Việt Nam","1702, 1709, 2592, 2610, 2620, 2630, 2640, 2731, 2732, 4652, 4669, 4690, 4719, 8299",CÔNG TY TNHH VẬT LIỆU MỚI HỮU ĐẠT VIỆT NAM,HUU DAT VIETNAM,Công ty trách nhiệm hữu hạn ngoài NN,HUU DAT VIETNAM NEW MATERIALS COMPANY LIMITED,2025-01-06 20:24:02,2220,Chi cục Thuế khu vực Tiên Du - Quế Võ,0972588911,NGUYỄN THỊ KIM ANH,Đang hoạt động (đã được cấp GCN ĐKT),2301264521,2025-03-03 09:59:31,https://masothue.com/2301264521-cong-ty-tnhh-vat-lieu-moi-huu-dat-viet-nam
2023-11-08,"Khu phố Giang Liễu, Phường Phương Liễu, Thị xã Quế Võ, Tỉnh Bắc Ninh, Việt Nam","1621, 1622, 1623, 1629, 2592, 3312, 4101, 4102, 4221, 4222, 4223, 4293, 4299, 4311, 4312, 4321, 4322, 4330, 4390, 4610, 4632, 4633, 4641, 4649, 4661, 4663, 4669, 4690, 4711, 4719, 4723, 4730, 4752, 4759, 4931, 4932, 4933, 5210, 5224, 5225, 5610, 5621, 5629, 5630, 7110, 7410, 7710, 7730, 7810, 7820, 7830, 8129",CÔNG TY TNHH SẢN XUẤT VÀ THƯƠNG MẠI HL VINA,"HL VINA MANUFACTURING AND TRADING CO., LTD",,HL VINA MANUFACTURING AND TRADING COMPANY LIMITED,2025-01-06 20:24:02,4659,Chi cục Thuế khu vực Tiên Du - Quế Võ,0363723633,LÊ VĂN THẾ,Đang hoạt động (đã được cấp GCN ĐKT),2301264497,2025-03-03 09:59:33,https://masothue.com/2301264497-cong-ty-tnhh-san-xuat-va-thuong-mai-hl-vina
2023-10-26,"Khu phố Do Nha, Phường Phương Liễu, Thị xã Quế Võ, Tỉnh Bắc Ninh, Việt Nam","1077, 2720, 2790, 3250, 4101, 4102, 4211, 4212, 4221, 4222, 4223, 4229, 4291, 4292, 4293, 4299, 4311, 4312, 4321, 4322, 4329, 4330, 4390, 4620, 4631, 4632, 4633, 4641, 4653, 4659, 4662, 4663, 4669, 4711, 4719, 4721, 4722, 4723, 4751, 4752, 4759, 4761, 4763, 4764, 4771, 4772, 4773, 4781, 4931, 4932, 4933, 5210, 5221, 5224, 5229, 7310, 8299, 8620, 9639",CÔNG TY TNHH ONETEX VIỆT NAM – CHI NHÁNH TỈNH BẮC NINH,,,,2025-01-06 20:32:01,4649,Chi cục Thuế khu vực Tiên Du - Quế Võ,079 4157783,NGUYỄN THỊ HUẤN,,0316465650-001,2025-03-03 09:59:35,https://masothue.com/0316465650-001-cong-ty-tnhh-onetex-viet-nam-chi-nhanh-tinh-bac-ninh
2023-11-10,"Lô A3, Khu liền kề KCN Quế Võ, Phường Phương Liễu, Thị xã Quế Võ, Tỉnh Bắc Ninh, Việt Nam","2431, 2432, 2511, 2512, 2591, 2599, 2610, 2640, 2816, 2817, 3100, 3311, 3312, 3314, 3319, 3320, 3830, 4651, 4652, 4659, 4662, 4663, 4669, 4690, 4741, 4752, 4759, 4931, 4932, 4933, 5210",CÔNG TY CỔ PHẦN SẢN XUẤT VÀ GIA CÔNG HM TECH,"HM TECH PRODUCTION AND PROCESSING.,JSC",Công ty cổ phần ngoài NN,HM TECH PRODUCTION AND PROCESSING JOINT STOCK COMPANY,2025-01-06 21:27:02,2592,Cục Thuế Tỉnh Bắc Ninh,0925293299,HOÀNG NINH HIỆP,Đang hoạt động (đã được cấp GCN ĐKT),2301264923,2025-03-03 09:59:37,https://masothue.com/2301264923-cong-ty-co-phan-san-xuat-va-gia-cong-hm-tech
2023-11-09,"Số nhà 472, đường Quang Trung, khu phố Hà Liễu, Phường Phương Liễu, Thị xã Quế Võ, Tỉnh Bắc Ninh, Việt Nam","3312, 3320, 4659, 4669",CÔNG TY TNHH CTTECH VIE,"CTTECH VIE CO.,LTD",,CTTECH VIE COMPANY LIMITED,2025-01-06 21:18:01,4690,Cục Thuế Tỉnh Bắc Ninh,0355470446,"FU, YONGKAI",,2301264835,2025-03-03 09:59:39,https://masothue.com/2301264835-cong-ty-tnhh-cttech-vie
2023-11-15,"Khu phố Hà Liễu, Phường Phương Liễu, Thị xã Quế Võ, Tỉnh Bắc Ninh, Việt Nam","2220, 2410, 2511, 2591, 2592, 2599, 2610, 2814, 3290, 3312, 3313, 3314, 3319, 3320, 4321, 4322, 4329, 4330, 4390, 4632, 4633, 4641, 4649, 4651, 4652, 4659, 4661, 4662, 4663, 4690, 7110, 7120, 7730, 8299",CÔNG TY TNHH VẬT LIỆU MỚI BAISHENG VIỆT NAM,BAISHENG VIETNAM NEW MATERIALS COMPANY LIMITED,Công ty trách nhiệm hữu hạn ngoài NN,"BAISHENG VIETNAM NEW MATERIALS CO., LTD",2025-01-07 01:08:01,4669,Chi cục Thuế khu vực Tiên Du - Quế Võ,033 6327696,HÀ THỊ TRANG THƠ,Đang hoạt động (đã được cấp GCN ĐKT),2301265388,2025-03-03 09:59:41,https://masothue.com/2301265388-cong-ty-tnhh-vat-lieu-moi-baisheng-viet-nam
2023-11-17,"Làn 2, Khu Phố Phương Cầu, Phường Phương Liễu, Thị xã Quế Võ, Tỉnh Bắc Ninh, Việt Nam","3313, 3314, 3315, 3320, 4321, 4322, 4329, 4652, 4659, 4669, 8299, 9511, 9512, 9521, 9522, 9523, 9524, 9529",CÔNG TY TNHH VNS HI-TECH VINA,"VNS HI-TECH VINA CO., LTD",Công ty trách nhiệm hữu hạn ngoài NN,VNS HI-TECH VINA COMPANY LIMITED,2025-02-25 23:38:01,3312,Chi cục Thuế khu vực Tiên Du - Quế Võ,0986983161,HOÀNG ĐỨC HUY,Đang hoạt động (đã được cấp GCN ĐKT),2301265691,2025-03-03 09:59:43,https://masothue.com/2301265691-cong-ty-tnhh-vns-hi-tech-vina
2023-11-27,"Khu liền kề, (ngoài KCN Quế Võ), Phường Phương Liễu, Thị xã Quế Võ, Tỉnh Bắc Ninh, Việt Nam",2790,CÔNG TY TNHH CÔNG NGHỆ THÔNG MINH CHENGLIANG,"CHENGLIANG TECHNOLOGY CO.,LTD",Công ty trách nhiệm hữu hạn ngoài NN,CHENGLIANG INTELLIGENT TECHNOLOGY COMPANY LIMITED,2025-01-07 07:12:01,2610,Cục Thuế Tỉnh Bắc Ninh,0394191331,YANG GONGHAI,Đang hoạt động (đã được cấp GCN ĐKT),2301266568,2025-03-03 09:59:45,https://masothue.com/2301266568-cong-ty-tnhh-cong-nghe-thong-minh-chengliang
2023-11-28,"Khu Phố Do Nha, Phường Phương Liễu, Thị xã Quế Võ, Tỉnh Bắc Ninh, Việt Nam","1709, 1812, 1820, 2220, 2511, 2599, 2817, 3100, 3290, 4330, 4649, 4651, 4652, 4659, 4669, 4690, 4719, 4741, 4742, 4761, 4773, 4799, 4933, 5819, 5820, 6201, 6202, 6209, 7310, 7410, 7420, 8219, 8299, 9499, 9511, 9512, 9521",CÔNG TY CỔ PHẦN VẬT TƯ VÀ THIẾT BỊ NGÀNH IN HOA VIỆT,,Công ty cổ phần ngoài NN,,2025-01-07 08:00:01,1811,Cục Thuế Tỉnh Bắc Ninh,0816101977,NGUYỄN VĂN THỦY,Đang hoạt động (đã được cấp GCN ĐKT),2301266769,2025-03-03 09:59:48,https://masothue.com/2301266769-cong-ty-co-phan-vat-tu-va-thiet-bi-nganh-in-hoa-viet
2023-12-04,"Khu phố Giang Liễu, Phường Phương Liễu, Thị xã Quế Võ, Tỉnh Bắc Ninh, Việt Nam","4512, 4513, 4520, 4530, 4541, 4542, 4543, 4620, 4631, 4632, 4633, 4634, 4651, 4652, 4653, 4659, 4663, 4690, 4711, 4719, 4721, 4722, 4723, 5590, 6810, 6820, 7010, 7410, 7710, 7729, 7730, 7740, 7810, 7830, 8110",CÔNG TY TNHH WORD BANK,,,WORD BANK COMPANY LIMITED,2025-01-07 10:19:01,4511,Chi cục Thuế khu vực Tiên Du - Quế Võ,0965109990,ĐINH THỊ HUYỀN TRANG,Đang hoạt động (đã được cấp GCN ĐKT),2301267272,2025-03-03 09:59:51,https://masothue.com/2301267272-cong-ty-tnhh-word-bank
2023-12-04,"KCN Quế Võ mở rộng, Phường Phương Liễu, Thị xã Quế Võ, Tỉnh Bắc Ninh, Việt Nam","0150, 0163, 0312, 1410, 1811, 1812, 2592, 2610, 2640, 3100, 3312, 3313, 3314, 3320, 4101, 4102, 4211, 4212, 4221, 4222, 4223, 4229, 4291, 4292, 4293, 4299, 4311, 4312, 4321, 4322, 4329, 4330, 4390, 4530, 4610, 4620, 4649, 4651, 4659, 4663, 4669, 4690, 4752, 4759, 4761, 4773, 4791, 5210, 6810, 6820, 7020, 7110, 7120, 7410, 7710, 7721, 7729, 7730, 8129, 8230, 8292, 8299, 9511, 9512, 9524",CÔNG TY TNHH CÔNG NGHIỆP DONGHENG VIỆT NAM,"DONGHENG VIETNAM INDUSTRIAL CO., LTD.",Công ty trách nhiệm hữu hạn ngoài NN,DONGHENG VIETNAM INDUSTRIAL COMPANY LIMITED,2025-02-26 07:13:01,4662,Chi cục Thuế khu vực Tiên Du - Quế Võ,0973932948,TRƯƠNG THỊ HẰNG,Đang hoạt động (đã được cấp GCN ĐKT),2301267392,2025-03-03 09:59:53,https://masothue.com/2301267392-cong-ty-tnhh-cong-nghiep-dongheng-viet-nam
2023-12-05,"Khu phố Do Nha, Phường Phương Liễu, Thị xã Quế Võ, Tỉnh Bắc Ninh, Việt Nam","2220, 2410, 2431, 2432, 2511, 2512, 2591, 2592, 2593, 2599, 3100, 3311, 3312, 3314, 3319, 3320, 3811, 3812, 3830, 4101, 4102, 4211, 4212, 4221, 4222, 4223, 4229, 4291, 4292, 4293, 4299, 4311, 4312, 4321, 4322, 4329, 4330, 4390, 4511, 4512, 4530, 4541, 4543, 4610, 4620, 4631, 4632, 4633, 4634, 4641, 4649, 4651, 4652, 4659, 4661, 4662, 4663, 4669, 4719, 4721, 4722, 4741, 4742, 4751, 4752, 4753, 4759, 4761, 4771, 4773, 4774, 4791, 4799, 4933, 5210, 5224, 5225, 5229, 5510, 5590, 5610, 5621, 5629, 5630, 7710, 7730, 8299, 9329",CÔNG TY TNHH THƯƠNG MẠI LONG FEI VIỆT NAM,"LONG FEI VIETNAM TRADING CO., LTD",Công ty trách nhiệm hữu hạn ngoài NN,LONG FEI VIETNAM TRADING COMPANY LIMITED,2025-01-07 11:55:01,4690,Chi cục Thuế khu vực Tiên Du - Quế Võ,0981621580,ĐẶNG THỊ PHƯƠNG,Đang hoạt động (đã được cấp GCN ĐKT),2301267628,2025-03-03 09:59:56,https://masothue.com/2301267628-cong-ty-tnhh-thuong-mai-long-fei-viet-nam
2023-12-07,"Khu phố Giang Liễu, Phường Phương Liễu, Thị xã Quế Võ, Tỉnh Bắc Ninh, Việt Nam",,CÔNG TY TNHH THƯƠNG MẠI VÀ XUẤT NHẬP KHẨU BẢO LONG FOODS,"BAO LONG FOODS TRADING AND IMPORT EXPORT CO., LTD",,BAO LONG FOODS TRADING AND IMPORT EXPORT COMPANY LIMITED,2025-01-07 12:48:01,,Chi cục Thuế khu vực Tiên Du - Quế Võ,0388231888,NGUYỄN THỊ THU HƯỜNGNGUYỄN ĐÌNH MẠNH,Đang hoạt động (đã được cấp GCN ĐKT),2301267794,2025-03-03 09:59:59,https://masothue.com/2301267794-cong-ty-tnhh-thuong-mai-va-xuat-nhap-khau-bao-long-foods
2023-12-11,"Đường 4, Khu phố Phương Cầu, Phường Phương Liễu, Thị xã Quế Võ, Tỉnh Bắc Ninh, Việt Nam","4102, 4212, 4299, 4311, 4312, 4321, 4322, 4329, 4330, 4390, 4649, 4659, 4663, 4669, 4690, 7110, 7710, 7729, 7730",CÔNG TY TNHH KIẾN TRÚC VÀ XÂY DỰNG TP-HOME VIỆT NAM,,,,2024-09-28 22:42:01,4101,Chi cục Thuế khu vực Tiên Du - Quế Võ,0933493862,NGÔ VĂN TRƯỜNG,Đang hoạt động (đã được cấp GCN ĐKT),2301268004,2025-03-03 10:00:02,https://masothue.com/2301268004-cong-ty-tnhh-kien-truc-va-xay-dung-tp-home-viet-nam
2023-12-12,"Khu phố Do Nha, Phường Phương Liễu, Thị xã Quế Võ, Tỉnh Bắc Ninh, Việt Nam","3311, 3312, 3700, 3811, 3812, 4221, 4222, 4299, 4322, 4329, 4330, 4390, 4932, 4933, 5210, 5224, 5229, 5610, 7830, 8121, 8129",CÔNG TY TNHH THƯƠNG MẠI VÀ DỊCH VỤ HM WORK,,,,2025-01-07 17:06:02,7820,Chi cục Thuế khu vực Tiên Du - Quế Võ,0928656585,VŨ VĂN HƯNG,Đang hoạt động (đã được cấp GCN ĐKT),2301268117,2025-03-03 10:00:04,https://masothue.com/2301268117-cong-ty-tnhh-thuong-mai-va-dich-vu-hm-work
2023-12-14,"Khu phố Giang Liễu, Phường Phương Liễu, Thị xã Quế Võ, Tỉnh Bắc Ninh, Việt Nam","4641, 4771",CÔNG TY TNHH TẬP ĐOÀN SAO BAO,SAO BAO Group Co. Ltd,,SAO BAO Group Company Limited,2025-01-07 19:36:02,4632,Chi cục Thuế khu vực Tiên Du - Quế Võ,0393952023,NGUYỄN MẠNH SAO,,2301268420,2025-03-03 10:00:06,https://masothue.com/2301268420-cong-ty-tnhh-tap-doan-sao-bao
2023-12-15,"Khu liền kề KCN Quế Võ, Phường Phương Liễu, Thị xã Quế Võ, Tỉnh Bắc Ninh, Việt Nam","2220, 2610, 2651, 2829, 3290, 3312, 3320, 4659, 4690, 7730, 8299",CÔNG TY TNHH KUMOH AUTOMATION,"KUMOH AUTOMATION CO.,LTD",Công ty trách nhiệm hữu hạn ngoài NN,KUMOH AUTOMATION COMPANY LIMITED,2025-01-07 20:15:01,2592,Chi cục Thuế khu vực Tiên Du - Quế Võ,0826149988,HONG YOUNG UK,Đang hoạt động (đã được cấp GCN ĐKT),2301268734,2025-03-03 10:00:09,https://masothue.com/2301268734-cong-ty-tnhh-kumoh-automation
2017-03-30,"Khu phố Nghiêm Xá, Phường Việt Hùng, Thị xã Quế Võ, Tỉnh Bắc Ninh, Việt Nam","1104, 4632, 4633, 4649, 4933, 5610, 5621, 5629, 7830",CÔNG TY TNHH VĨNH TIẾN HOÀNG,,Công ty trách nhiệm hữu hạn ngoài NN,,2024-12-03 13:43:01,4661,Chi cục Thuế khu vực Tiên Du - Quế Võ,0917348999,NGUYỄN KHẮC GIẢNG,Đang hoạt động (đã được cấp GCN ĐKT),2300978509,2025-03-03 10:00:12,https://masothue.com/2300978509-cong-ty-tnhh-vinh-tien-hoang
2018-12-25,"Lô CN1-3, Khu công nghiệp Quế Võ 3, Phường Việt Hùng, Thị xã Quế Võ, Tỉnh Bắc Ninh, Việt Nam",6810,CÔNG TY TNHH NOVATECH VINA,"NOVATECH VINA CO., LTD",Công ty trách nhiệm hữu hạn ngoài NN,NOVATECH VINA COMPANY LIMITED,2024-12-03 14:40:01,2599,Cục Thuế Tỉnh Bắc Ninh,02223903680,OH CHOON TEAK,Đang hoạt động (đã được cấp GCN ĐKT),2301074979,2025-03-03 10:00:14,https://masothue.com/2301074979-cong-ty-tnhh-novatech-vina
2016-10-05,"Khu phố Nghiêm Xá, Phường Việt Hùng, Thị xã Quế Võ, Tỉnh Bắc Ninh, Việt Nam","4321, 4329",CÔNG TY TNHH PENG FA,,Công ty trách nhiệm hữu hạn ngoài NN,,2024-12-03 19:00:01,4322,Chi cục Thuế khu vực Tiên Du - Quế Võ,01652570160,XU XIANGGUO,Đang hoạt động (đã được cấp GCN ĐKT),2300948825,2025-03-03 10:00:17,https://masothue.com/2300948825-cong-ty-tnhh-peng-fa
2018-04-20,"Khu phố Can Vũ, Phường Việt Hùng, Thị xã Quế Võ, Tỉnh Bắc Ninh, Việt Nam","1329, 1410, 1709, 2013, 2640, 2732, 2740, 3290, 3320, 3811, 3821, 4100, 4220, 4321, 4322, 4329, 4632, 4633, 4649, 4651, 4652, 4659, 4663, 4669, 4690, 4722, 4752, 4771, 4772, 4789, 4932, 4933, 5510, 5610, 5621, 5629, 5630, 6810, 7710, 7810, 7820, 7920, 8299, 8559",CÔNG TY TNHH SẢN XUẤT VÀ THƯƠNG MẠI LS TECH,,Công ty trách nhiệm hữu hạn ngoài NN,LS TECH PRODUCTION AND TRADING COMPANY LIMITED,2024-12-04 06:56:02,4641,Chi cục Thuế khu vực Tiên Du - Quế Võ,0982 594 800,NGUYỄN VĂN SÁNG,Đang hoạt động (đã được cấp GCN ĐKT),2301026372,2025-03-03 10:00:19,https://masothue.com/2301026372-cong-ty-tnhh-san-xuat-va-thuong-mai-ls-tech
2019-02-25,"Lô số CN1-8, Khu công nghiệp Quế Võ 3, Phường Việt Hùng, Thị xã Quế Võ, Tỉnh Bắc Ninh, Việt Nam","1629, 2220, 4690, 8299",CÔNG TY TNHH CÔNG CỤ CIBON VIỆT NAM,"CIBON VINA CO., LTD",Công ty trách nhiệm hữu hạn ngoài NN,CIBON TOOL VIETNAM LIMITED COMPANY,2024-12-05 06:15:01,2593,Cục Thuế Tỉnh Bắc Ninh,,YI ZHAI,Đang hoạt động (đã được cấp GCN ĐKT),2301082539,2025-03-03 10:00:22,https://masothue.com/2301082539-cong-ty-tnhh-cong-cu-cibon-viet-nam
2019-04-02,"Lô CN2-6, Khu công nghiệp Quế Võ III, Phường Việt Hùng, Thị xã Quế Võ, Tỉnh Bắc Ninh, Việt Nam","2592, 2599, 2710, 3290, 4690, 4799, 8299",CÔNG TY TNHH CÔNG NGHỆ PIN SHINE VIỆT NAM,"PIN SHINE TV CO., LTD",Công ty trách nhiệm hữu hạn ngoài NN,PIN SHINE TECHNOLOGY VIET NAM COMPANY LIMITED,2024-12-05 11:33:01,2220,Cục Thuế Tỉnh Bắc Ninh,0969851339,TSAI TENG YUAN,Đang hoạt động (đã được cấp GCN ĐKT),2301086477,2025-03-03 10:00:24,https://masothue.com/2301086477-cong-ty-tnhh-cong-nghe-pin-shine-viet-nam
2019-05-02,"Lô đất CN1B-1, KCN Quế Võ III, Phường Việt Hùng, Thị xã Quế Võ, Tỉnh Bắc Ninh, Việt Nam","0312, 0322, 1020, 1080, 3320, 4620, 4632, 4659, 4669, 4722, 4773, 6810, 8299",CÔNG TY TNHH THỦY SẢN LIÊN VIỆT,,Công ty trách nhiệm hữu hạn ngoài NN,,2024-12-05 21:25:01,3290,Cục Thuế Tỉnh Bắc Ninh,0982955618,BÙI THỊ ÁNH,Đang hoạt động (đã được cấp GCN ĐKT),2301089421,2025-03-03 10:00:26,https://masothue.com/2301089421-cong-ty-tnhh-thuy-san-lien-viet
2019-05-07,"Nhà xưởng số 02, Lô CN-40.1, Khu công nghiệp Thuận Thành II	, Phường An Bình, Thị xã Thuận Thành, Tỉnh Bắc Ninh, Việt Nam","2592, 2599, 8299",CÔNG TY TNHH STM VINA,STM VINA,Công ty trách nhiệm hữu hạn ngoài NN,"STM VINA CO.,LTD",2024-12-05 21:34:02,2593,Cục Thuế Tỉnh Bắc Ninh,039 9273229,PARK SUNGHACK,Đang hoạt động (đã được cấp GCN ĐKT),2301089830,2025-03-03 10:00:29,https://masothue.com/2301089830-cong-ty-tnhh-stm-vina
2019-05-06,"Lô CN5A-1, Khu công nghiệp Quế Võ III, Phường Việt Hùng, Thị xã Quế Võ, Tỉnh Bắc Ninh, Việt Nam","2610, 6810",CÔNG TY TNHH POWER PLUS TECHNOLOGY (VIETNAM) CORP,PPT,Công ty trách nhiệm hữu hạn ngoài NN,POWER PLUS TECHNOLOGY (VIETNAM) CORP,2025-02-25 04:42:01,2620,Cục Thuế Tỉnh Bắc Ninh,,"PAN, CHUN-WEI",Đang hoạt động (đã được cấp GCN ĐKT),2301089742,2025-03-03 10:00:31,https://masothue.com/2301089742-cong-ty-tnhh-power-plus-technology-vietnam-corp
2018-11-02,"Khu phố Nghiêm Xá, Phường Việt Hùng, Thị xã Quế Võ, Tỉnh Bắc Ninh, Việt Nam","1010, 1030, 4633, 4719, 4722, 4723, 5621, 5629, 5630",CÔNG TY TNHH DỤ VŨ,,Công ty trách nhiệm hữu hạn ngoài NN,,2024-08-22 02:44:01,4632,Chi cục Thuế khu vực Tiên Du - Quế Võ,0859 125 608,NGUYỄN THỊ VŨ,Đang hoạt động (đã được cấp GCN ĐKT),2301056137,2025-03-03 10:00:33,https://masothue.com/2301056137-cong-ty-tnhh-du-vu
2019-08-19,"Lô đất CN5A-4, KCN Quế Võ III, Phường Việt Hùng, Thị xã Quế Võ, Tỉnh Bắc Ninh, Việt Nam","2592, 2630, 2819, 3312, 3320, 4690, 6810, 8299",CÔNG TY TNHH PRIMETECH VIETNAM,"PRIMETECH VIETNAM CO.,LTD",Công ty trách nhiệm hữu hạn ngoài NN,PRIMETECH VIETNAM COMPANY LIMITED,2024-08-22 04:09:01,2610,Cục Thuế Tỉnh Bắc Ninh,0963 630 388,KONG HO JIN,Đang hoạt động (đã được cấp GCN ĐKT),2301100322,2025-03-03 10:00:36,https://masothue.com/2301100322-cong-ty-tnhh-primetech-vietnam
2019-09-11,"Quốc lộ 18， Khu phố Guột, Phường Việt Hùng, Thị xã Quế Võ, Tỉnh Bắc Ninh, Việt Nam","3320, 4321, 4322, 4329, 4610, 4631, 4632, 4641, 4649, 4651, 4652, 4653, 4659, 4662, 4663, 4669, 4690, 4759, 4912, 4933, 5012, 5022, 5210, 5221, 5222, 5224, 5610, 5621, 8299",CÔNG TY TNHH THƯƠNG MẠI VÀ DỊCH VỤ LOGISTICS MCC,"MCC LOGISTICS CO.,LTD",Công ty trách nhiệm hữu hạn ngoài NN,MCC LOGISTICS SERVICES AND TRADING COMPANY LIMITED,2024-08-22 13:32:01,5229,Chi cục Thuế khu vực Tiên Du - Quế Võ,,NGUYỄN ĐỨC CHỈNH,,2301101742,2025-03-03 10:00:39,https://masothue.com/2301101742-cong-ty-tnhh-thuong-mai-va-dich-vu-logistics-mcc
2019-01-10,"Khu phố Lựa, Phường Việt Hùng, Thị xã Quế Võ, Tỉnh Bắc Ninh, Việt Nam","4312, 4659, 7730",CÔNG TY TNHH MÁY CÔNG TRÌNH HẢI ĐĂNG,,Công ty trách nhiệm hữu hạn 2 thành viên trở lên ngoài NN,,2024-08-22 22:37:02,4311,Chi cục Thuế khu vực Tiên Du - Quế Võ,0904 809 116,NGUYỄN KIM CƯỜNG,Đang hoạt động (đã được cấp GCN ĐKT),2301078243,2025-03-03 10:00:42,https://masothue.com/2301078243-cong-ty-tnhh-may-cong-trinh-hai-dang
2019-10-17,"Lô CN 1-9, KCN Quế Võ III, Phường Việt Hùng, Thị xã Quế Võ, Tỉnh Bắc Ninh, Việt Nam","1811, 2219, 2220, 3290",CÔNG TY TNHH KAYAMA TECK (VIỆT NAM),"KAYAMA TECK (VIET NAM) CO.,LTD",Công ty trách nhiệm hữu hạn 2 thành viên trở lên ngoài NN,KAYAMA TECK (VIET NAM) COMPANY LIMITED,2024-08-23 00:45:01,2640,Cục Thuế Tỉnh Bắc Ninh,0973149966,"TSUI, CHIN-CHUAN",Đang hoạt động (đã được cấp GCN ĐKT),2301106204,2025-03-03 10:00:44,https://masothue.com/2301106204-cong-ty-tnhh-kayama-teck-viet-nam
2019-10-18,"Lô CN2-1, khu công nghiệp Quế Võ 3, Khu phố Guột, Phường Việt Hùng, Thị xã Quế Võ, Tỉnh Bắc Ninh, Việt Nam",4690,CHI NHÁNH CÔNG TY TNHH HNK VINA,,Công ty trách nhiệm hữu hạn 2 thành viên trở lên ngoài NN,,2024-08-23 01:26:01,1313,Cục Thuế Tỉnh Bắc Ninh,0778247308,HWANG DONG HWAN,Đang hoạt động (đã được cấp GCN ĐKT),2300943513-001,2025-03-03 10:00:46,https://masothue.com/2300943513-001-chi-nhanh-cong-ty-tnhh-hnk-vina
2019-11-19,"(Thuê xưởng: CTY TNHH HẢI CƯỜNG PHÁT), Lô CN 5C-4, Khu công nghiệp Quế Võ III, Phường Việt Hùng, Thị xã Quế Võ, Tỉnh Bắc Ninh, Việt Nam","3312, 4321",CÔNG TY TNHH HONYU SOLAR VIỆT NAM,"HONYU SOLAR VIETNAM CO., LTD",Công ty trách nhiệm hữu hạn 2 thành viên trở lên ngoài NN,HONYU SOLAR VIET NAM COMPANY LIMITED,2025-02-25 18:12:02,3290,Cục Thuế Tỉnh Bắc Ninh,02223898818,"LIU, TIANQIAO",Đang hoạt động (đã được cấp GCN ĐKT),2301109237,2025-03-03 10:00:48,https://masothue.com/2301109237-cong-ty-tnhh-honyu-solar-viet-nam
2019-11-22,"Km 12 Quốc lộ 18, Phường Việt Hùng, Thị xã Quế Võ, Tỉnh Bắc Ninh, Việt Nam",,CÔNG TY TNHH STN VINA,,Công ty trách nhiệm hữu hạn 2 thành viên trở lên ngoài NN,STN VINA COMPANY LIMITED,2024-12-07 11:31:01,2610,Cục Thuế Tỉnh Bắc Ninh,02223903091,WOO SUNG KYUM,Đang hoạt động (đã được cấp GCN ĐKT),2301109692,2025-03-03 10:00:51,https://masothue.com/2301109692-cong-ty-tnhh-stn-vina
2019-11-29,"Lô CN7-2, Khu công nghiệp Quế Võ 3, Phường Việt Hùng, Thị xã Quế Võ, Tỉnh Bắc Ninh, Việt Nam",,CÔNG TY TNHH DRP VIỆT NAM,"DRP VN CO.,LTD",Công ty trách nhiệm hữu hạn ngoài NN,DRP VIET NAM COMPANY LIMITED,2025-02-24 08:44:01,2740,Cục Thuế Tỉnh Bắc Ninh,,DING WEI,Đang hoạt động (đã được cấp GCN ĐKT),2301110433,2025-03-03 10:00:53,https://masothue.com/2301110433-cong-ty-tnhh-drp-viet-nam
2019-12-11,"Lô CN 1-7, KCN Quế Võ III, Khu phố Guột, Phường Việt Hùng, Thị xã Quế Võ, Tỉnh Bắc Ninh, Việt Nam",2819,CÔNG TY TNHH LI SHENG TECHNOLOGY (VIỆT NAM),"LI SHENG TECHNOLOGY (VIET NAM) CO., LTD",Công ty trách nhiệm hữu hạn ngoài NN,LI SHENG TECHNOLOGY (VIET NAM) COMPANY LIMITED,2024-08-23 23:27:02,2814,Cục Thuế Tỉnh Bắc Ninh,0912001780,"YONG, LI",Đang hoạt động (đã được cấp GCN ĐKT),2301111451,2025-03-03 10:00:56,https://masothue.com/2301111451-cong-ty-tnhh-li-sheng-technology-viet-nam
2020-02-06,"Lô CN5A-2, Khu công nghiệp Quế Võ III, Phường Việt Hùng, Thị xã Quế Võ, Tỉnh Bắc Ninh, Việt Nam","0161, 0163, 0231, 0232, 0240, 2013, 2610, 3811, 3812, 3830, 4620, 4632, 4649, 4651, 4652, 4653, 4659, 4663, 4669, 4690, 4722, 4932, 4933, 5224, 8299",CÔNG TY TNHH NHỰA CÔN THỊNH VIỆT NAM,,Công ty trách nhiệm hữu hạn ngoài NN,CON THINH VIET NAM PLASTIC COMPANY LIMITED,2024-08-24 20:37:01,2220,Cục Thuế Tỉnh Bắc Ninh,0981 071 618,HOÀNG TẮC PHU,Đang hoạt động (đã được cấp GCN ĐKT),2301125334,2025-03-03 10:00:59,https://masothue.com/2301125334-cong-ty-tnhh-nhua-con-thinh-viet-nam
2020-02-13,"Lô CN1B-2, KCN Quế Võ III, Phường Việt Hùng, Thị xã Quế Võ, Tỉnh Bắc Ninh, Việt Nam","3319, 6810",CÔNG TY TNHH HAELIM VINA,"HAELIM VINA CO.,LTD",Công ty trách nhiệm hữu hạn ngoài NN,HAELIM VINA COMPANY LIMITED,2024-08-25 07:57:01,3290,Cục Thuế Tỉnh Bắc Ninh,0981992236,PARK SOOBEEN,Đang hoạt động (đã được cấp GCN ĐKT),2301125694,2025-03-03 10:01:01,https://masothue.com/2301125694-cong-ty-tnhh-haelim-vina
2020-03-06,"Lô CN2-4, Khu công nghiệp Quế Võ III, Phường Việt Hùng, Thị xã Quế Võ, Tỉnh Bắc Ninh, Việt Nam","2710, 4690, 8299",CÔNG TY TNHH ABCO ELECTRONICS VINA,"ABCO ELECTRONICS VINA CO., LTD",Công ty trách nhiệm hữu hạn ngoài NN,ABCO ELECTRONICS VINA COMPANY LIMITED,2024-08-25 08:19:02,2610,Cục Thuế Tỉnh Bắc Ninh,02223903234,"KIM, CHANG SOO",Đang hoạt động (đã được cấp GCN ĐKT),2301127998,2025-03-03 10:01:04,https://masothue.com/2301127998-cong-ty-tnhh-abco-electronics-vina
2020-03-16,"Lô CN5C-1, Khu công nghiệp Quế Võ III, Phường Việt Hùng, Thị xã Quế Võ, Tỉnh Bắc Ninh, Việt Nam","1702, 2219, 2599",CÔNG TY TNHH INDUSTRIAL SCG VIET NAM,"VIET NAM SCG INDUSTRIAL CO.,LTD",Công ty trách nhiệm hữu hạn ngoài NN,VIET NAM SCG INDUSTRIAL COMPANY LIMITED,2024-12-06 15:45:01,2220,Cục Thuế Tỉnh Bắc Ninh,0328073052,ĐÀO VĂN QUÝ,Đang hoạt động (đã được cấp GCN ĐKT),2301129032,2025-03-03 10:01:07,https://masothue.com/2301129032-cong-ty-tnhh-industrial-scg-viet-nam
2013-02-06,"Lô đất số II - 7.2 mặt đường N3, Khu công nghiệp Quế Võ II, Xã Ngọc Xá, Thị xã Quế Võ, Tỉnh Bắc Ninh, Việt Nam","2420, 2431, 2432, 2511, 2592, 3811, 3830, 4659, 4662, 4663, 4669, 4752, 6810",CÔNG TY CỔ PHẦN THÉP CHÍNH XÁC SUNWAY,SUNWAY STEEL,Công ty cổ phần ngoài NN,SUNWAY PRECISION STEEL CORPORATION,2024-11-12 23:19:01,2410,Cục Thuế Tỉnh Bắc Ninh,0222 3623 382,TRẦN CHIẾN CÔNG,Đang hoạt động (đã được cấp GCN ĐKT),2300774209,2025-03-03 10:01:10,https://masothue.com/2300774209-cong-ty-co-phan-thep-chinh-xac-sunway
2012-11-30,"Lô II - 1.1, Khu công nghiệp Quế Võ 2, Xã Ngọc Xá, Thị xã Quế Võ, Tỉnh Bắc Ninh, Việt Nam","2011, 2029, 4669, 6810",CÔNG TY CỔ PHẦN BỘT GIẶT LIX - CHI NHÁNH TẠI BẮC NINH,,Công ty cổ phần ngoài NN,,2024-11-13 11:28:01,2023,Cục Thuế Tỉnh Bắc Ninh,0913555116,LÊ KIÊN CƯỜNG,Đang hoạt động (đã được cấp GCN ĐKT),0301444263-003,2025-03-03 10:01:13,https://masothue.com/0301444263-003-cong-ty-co-phan-bot-giat-lix-chi-nhanh-tai-bac-ninh
2015-04-17,"Lô II-8.3 khu công nghiệp Quế Võ 2, Xã Ngọc Xá, Thị xã Quế Võ, Tỉnh Bắc Ninh, Việt Nam","1075, 1079, 2023, 3250, 4632, 4649",NHÀ MÁY SẢN XUẤT CÔNG TY TNHH DƯỢC PHẨM THIÊN ÂN,,Công ty trách nhiệm hữu hạn ngoài NN,,2024-11-14 04:16:01,2100,Cục Thuế Tỉnh Bắc Ninh,0912816097,Ngô Trọng Đức,Đang hoạt động (đã được cấp GCN ĐKT),0101149648-002,2025-03-03 10:01:15,https://masothue.com/0101149648-002-nha-may-san-xuat-cong-ty-tnhh-duoc-pham-thien-an
2017-10-09,"Lô đất VI-3.1, mặt đường D, khu công nghiệp Quế Võ 2, Xã Ngọc Xá, Thị xã Quế Võ, Tỉnh Bắc Ninh, Việt Nam","2610, 2816, 2829, 3100, 3320, 6810, 7120, 8299",CÔNG TY TNHH JMI VIỆT NAM,"JMI VIET NAM CO., LTD",Công ty trách nhiệm hữu hạn ngoài NN,JMI VIET NAM COMPANY LIMITED,2024-11-18 09:01:01,2220,Cục Thuế Tỉnh Bắc Ninh,02223903836,PARK CHANG SOON,Đang hoạt động (đã được cấp GCN ĐKT),2300996032,2025-03-03 10:01:18,https://masothue.com/2300996032-cong-ty-tnhh-jmi-viet-nam
2017-09-29,"Nr Ông Thân Nhân Thu, Thôn Cựu Tự, Xã Ngọc Xá, Thị xã Quế Võ, Tỉnh Bắc Ninh, Việt Nam","1629, 2511, 2592, 2599, 2710, 2811, 2816, 2818, 3311, 3314, 3319, 3320, 4321, 4329, 4330, 4520, 4530, 4632, 4659, 4662, 4663, 4752, 4932, 4933, 7710, 7730, 7820, 8110, 8129, 8130, 8299, 9511",CÔNG TY TNHH ĐIỆN CƠ ĐÔNG DƯƠNG VINA,,Công ty trách nhiệm hữu hạn ngoài NN,,2025-02-20 16:09:01,3312,Chi cục Thuế khu vực Tiên Du - Quế Võ,0912 077 965,THÂN NHÂN THU,Đang hoạt động (đã được cấp GCN ĐKT),2300995159,2025-03-03 10:01:19,https://masothue.com/2300995159-cong-ty-tnhh-dien-co-dong-duong-vina
2017-04-05,"Lô đất III-5.1, Khu công nghiệp Quế Võ 2, Xã Ngọc Xá, Thị xã Quế Võ, Tỉnh Bắc Ninh, Việt Nam","2599, 2610, 3290, 6810, 7120",CÔNG TY TNHH HIGHSUN OPTOELECTRONIC,"HIGHSUN OPTOELECTRONIC CO., LTD",Công ty trách nhiệm hữu hạn 2 thành viên trở lên ngoài NN,HIGHSUN OPTOELECTRONIC LIMITED COMPANY,2024-11-19 04:37:01,2220,Cục Thuế Tỉnh Bắc Ninh,,ZHANG JINGMINGZHANG ZHENG MAO,Đang hoạt động (đã được cấp GCN ĐKT),2300979132,2025-03-03 10:01:21,https://masothue.com/2300979132-cong-ty-tnhh-highsun-optoelectronic
2017-03-28,"Thôn Cựu Tự, Xã Ngọc Xá, Thị xã Quế Võ, Tỉnh Bắc Ninh, Việt Nam","3313, 3320, 4321, 4322, 4329, 4651, 4652, 4653, 4659, 4663, 4690, 4752, 4773, 8129, 8130",CÔNG TY TNHH DỊCH VỤ KỸ THUẬT ALV TECH,"ALV TECH CO.,LTD",Công ty trách nhiệm hữu hạn ngoài NN,ALV TECH TECHNICAL SERVICES LIMITED COMPANY,2024-11-19 04:37:01,3312,Chi cục Thuế khu vực Tiên Du - Quế Võ,,TRẦN THỊ TUYÊN,Đang hoạt động (đã được cấp GCN ĐKT),2300978347,2025-03-03 10:01:23,https://masothue.com/2300978347-cong-ty-tnhh-dich-vu-ky-thuat-alv-tech
2014-12-30,"(NR ông Hà Như Hiệu) Thôn Hữu Bằng, Xã Ngọc Xá, Thị xã Quế Võ, Tỉnh Bắc Ninh, Việt Nam","2592, 4329, 4631, 4632, 4633, 4649, 4663, 5621",CÔNG TY TNHH SẢN XUẤT HUY HIỆU,,Công ty trách nhiệm hữu hạn ngoài NN,,2025-02-04 15:02:01,2599,Chi cục Thuế khu vực Tiên Du - Quế Võ,,HÀ NHƯ HIỆU,Đang hoạt động (đã được cấp GCN ĐKT),2300870992,2025-03-03 10:01:26,https://masothue.com/2300870992-cong-ty-tnhh-san-xuat-huy-hieu
2014-01-02,"Thôn Hữu Bằng, Xã Ngọc Xá, Thị xã Quế Võ, Tỉnh Bắc Ninh, Việt Nam","1104, 2592, 4102, 4211, 4212, 4221, 4222, 4223, 4229, 4291, 4292, 4293, 4299, 4311, 4312, 4322, 4329, 4330, 4390, 4632, 4659, 4663, 4669, 4752, 4931, 4932, 4933, 7710, 7730, 7820, 7830, 9311, 9312, 9319, 9321, 9329",CÔNG TY TNHH VẬN TẢI VÀ THƯƠNG MẠI HỮU BẰNG,,Công ty trách nhiệm hữu hạn ngoài NN,,2025-01-16 17:10:01,4101,Chi cục Thuế khu vực Tiên Du - Quế Võ,0912 761 841 / 0964,NGUYỄN BÁ BẮNG,,2300800057,2025-03-03 10:01:29,https://masothue.com/2300800057-cong-ty-tnhh-van-tai-va-thuong-mai-huu-bang
2013-05-23,"Lô đất VI-2.1, Đường D và N1, Khu công nghiệp Quế Võ II, Xã Ngọc Xá, Thị xã Quế Võ, Bắc Ninh","2219, 2220, 2310, 2511, 2599, 2630, 2710, 3091, 3290",CÔNG TY TNHH KMG VIỆT NAM,"KMG VINA CO., LTD",Công ty trách nhiệm hữu hạn ngoài NN,KMG VIETNAM COMPANY LIMITED,2024-11-19 04:50:01,2610,Cục Thuế Tỉnh Bắc Ninh,,Jun In Chul,Đang hoạt động (đã được cấp GCN ĐKT),2300779599,2025-03-03 10:01:31,https://masothue.com/2300779599-cong-ty-tnhh-kmg-viet-nam
2015-01-29,"Đường D3, Khu công nghiệp Quế Võ II, Xã Ngọc Xá, Thị xã Quế Võ, Tỉnh Bắc Ninh, Việt Nam","1623, 1701, 1702, 1709, 1811, 1812, 2030, 2826, 2829, 3312, 4659, 4663, 4669, 4933, 5022, 5210, 5224, 6810, 7211, 7212, 7213, 7214, 7490, 8299",CÔNG TY TNHH XUẤT NHẬP KHẨU DƯƠNG HỒNG,"DUONG HONG MPEX CO.,LTD",Công ty trách nhiệm hữu hạn 2 thành viên trở lên ngoài NN,DUONG HONG IMPORT EXPORT COMPANY LIMITED,2024-11-20 16:54:02,2220,Cục Thuế Tỉnh Bắc Ninh,0462934864,Trần Đức Uyên,Đang hoạt động (đã được cấp GCN ĐKT),0106763516,2025-03-03 10:01:34,https://masothue.com/0106763516-cong-ty-tnhh-xuat-nhap-khau-duong-hong
2013-06-10,"Lô II-1.2, Khu CN Quế Võ II, Xã Ngọc Xá, Thị xã Quế Võ, Bắc Ninh","1010, 1020, 1030, 1040, 1050, 1061, 1062, 1071, 1072, 1073, 1074, 1075, 1079, 1080, 2410, 2431, 2432, 3600, 3700, 4210, 4220, 4290, 4311, 4312, 4321, 4322, 4329, 4330, 4390, 4610, 4620, 4631, 4632, 4649, 4659, 4662, 4663, 4669, 4711, 4719, 4721, 4722, 4752, 4759, 4781, 6820, 7410, 7710, 7730, 8299",CÔNG TY CỔ PHẦN THÉP HỢP LỰC,,Công ty cổ phần ngoài NN,HOP LUC STEEL JOINT STOCK COMPANY,2024-11-23 22:24:01,4100,Cục Thuế Tỉnh Bắc Ninh,098 441 3398,Nguyễn Văn Tùng,Đang hoạt động (đã được cấp GCN ĐKT),0106203169,2025-03-03 10:01:36,https://masothue.com/0106203169-cong-ty-co-phan-thep-hop-luc
2017-06-29,"Lô V 6.1 Khu công nghiệp Quế Võ 2, Xã Ngọc Xá, Thị xã Quế Võ, Tỉnh Bắc Ninh, Việt Nam","0810, 0990, 2391, 2393, 2394, 2395, 4100, 4210, 4620, 4631, 4632, 4661, 4663, 4690, 4719, 4752, 4759, 4931, 4932, 4933, 5210, 5221, 5224, 5510, 5590, 5610, 7710, 8299",CÔNG TY CỔ PHẦN GẠCH ỐP LÁT BNC,BNC J.S.C,Công ty cổ phần ngoài NN,BNC TILES JOINT STOCK COMPANY,2024-12-03 09:08:01,2392,Cục Thuế Tỉnh Bắc Ninh,0979 812 975,HOÀNG VĂN HIỆP,Đang hoạt động (đã được cấp GCN ĐKT),2300987278,2025-03-03 10:01:39,https://masothue.com/2300987278-cong-ty-co-phan-ga-ch-o-p-la-t-bnc
2017-09-14,"Thôn Cựu Tự, Xã Ngọc Xá, Thị xã Quế Võ, Tỉnh Bắc Ninh, Việt Nam","2592, 3311, 3312, 3313, 3314, 3315, 3319, 3320, 4649, 4651, 4652, 4653, 4659, 4661, 4662, 4663, 4669, 4690, 4730, 4741, 4742, 4752, 4759, 4774, 4933, 5224, 5225, 5229, 7110, 7410, 7710, 7730, 8299",CÔNG TY CỔ PHẦN SMIC,SMIC JSC,Công ty cổ phần ngoài NN,SMIC JOINT STOCK COMPANY,2025-02-24 08:51:02,2819,Chi cục Thuế khu vực Tiên Du - Quế Võ,0963126982,NGUYỄN VĂN HƯNG,Đang hoạt động (đã được cấp GCN ĐKT),2300993779,2025-03-03 10:01:41,https://masothue.com/2300993779-cong-ty-co-phan-smic
2017-08-28,"Thôn Cựu Tự, Xã Ngọc Xá, Thị xã Quế Võ, Tỉnh Bắc Ninh, Việt Nam","2011, 2013, 2029, 2219, 2220, 2511, 2591, 2592, 2599, 2610, 2822, 2829, 3250, 3290, 3311, 3320, 4293, 4299, 4311, 4312, 4330, 4610, 4649, 4651, 4659, 4662, 4663, 4669, 4690, 4759, 4772, 4933, 5210, 5225, 5229, 7110, 7410, 7730, 8299, 8532",CÔNG TY TNHH ĐIỆN TỬ HOTWIN VIỆT NAM,"HOTWIN CO.,LTD",Công ty trách nhiệm hữu hạn ngoài NN,HOTWIN VIET NAM ELECTRONIC COMPANY LIMITED,2024-12-03 18:30:01,3312,Chi cục Thuế khu vực Tiên Du - Quế Võ,0939008007,TRẦN MẠNH CƯỜNG,Đang hoạt động (đã được cấp GCN ĐKT),2300992912,2025-03-03 10:01:44,https://masothue.com/2300992912-cong-ty-tnhh-dien-tu-hotwin-viet-nam
2018-06-13,"Lô II-2.5, Đường N2, KCN Quế Võ II, Xã Ngọc Xá, Thị xã Quế Võ, Tỉnh Bắc Ninh, Việt Nam","1701, 1702, 1709, 2410, 2420, 2431, 2432, 2512, 2513, 2591, 2592, 2593, 2599, 2731, 2732, 2733, 2740, 2750, 2790, 3311, 3312, 3313, 3314, 3315, 3319, 3320, 3600, 3700, 3811, 3812, 3821, 3822, 3830, 3900, 4101, 4102, 4211, 4212, 4221, 4222, 4223, 4229, 4291, 4292, 4293, 4299, 4311, 4312, 4321, 4322, 4329, 4330, 4390, 4610, 4651, 4652, 4653, 4659, 4661, 4662, 4669, 4730, 4741, 4742, 4759, 4932, 4933, 6492, 6810, 6820, 7110, 7410, 9511, 9512, 9521, 9522, 9523, 9524, 9529",CÔNG TY TNHH ALUMINUM VIỆT ECO,"VIET ECO ALUMINUM CO.,LTD",Công ty trách nhiệm hữu hạn 2 thành viên trở lên ngoài NN,VIET ECO ALUMINUM COMPANY LIMITED,2025-02-23 19:23:02,2511,Cục Thuế Tỉnh Bắc Ninh,0949120509,NGUYỄN THỊ XUÂN,Đang hoạt động (đã được cấp GCN ĐKT),2301031894,2025-03-03 10:01:47,https://masothue.com/2301031894-cong-ty-tnhh-aluminum-viet-eco
2019-01-18,"Lô VI-7.2, Khu công nghiệp Quế Võ II, Xã Ngọc Xá, Thị xã Quế Võ, Tỉnh Bắc Ninh, Việt Nam","2599, 2610, 6810",CÔNG TY TNHH KD M-TECH VINA,"KD M-TECH VINA CO., LTD",Công ty trách nhiệm hữu hạn ngoài NN,KD M-TECH VINA COMPANY LIMITED,2024-12-04 05:05:01,2220,Cục Thuế Tỉnh Bắc Ninh,096 393 5191,DAO THITHU,Đang hoạt động (đã được cấp GCN ĐKT),2301079367,2025-03-03 10:01:50,https://masothue.com/2301079367-cong-ty-tnhh-kd-m-tech-vina
2019-08-07,"Lô V-3, Đường N1, Khu Công nghiệp Quế Võ II, Xã Ngọc Xá, Thị xã Quế Võ, Bắc Ninh",6810,CÔNG TY TNHH CHÍNH XÁC PROSPER ( VIỆT NAM),PROSPER,Công ty trách nhiệm hữu hạn ngoài NN,PROSPER PRECISION ( VIET NAM) COMPANY LIMITED,2024-08-22 00:53:02,2599,Cục Thuế Tỉnh Bắc Ninh,0338950069,"Chu,Zhu-Guo",Đang hoạt động (đã được cấp GCN ĐKT),2301099229,2025-03-03 10:01:52,https://masothue.com/2301099229-cong-ty-tnhh-chinh-xac-prosper-viet-nam
2004-01-14,"Khu phố Liễn Thượng, Phường Đại Xuân, Thị xã Quế Võ, Bắc Ninh","1010, 1062, 1079, 4632, 4633, 4641, 4649, 4663, 4722, 4723, 4752, 4773, 4933, 8292",CÔNG TY TNHH THƯƠNG MẠI VÀ DỊCH VỤ NGÂN HÀ BẮC NINH,,Công ty trách nhiệm hữu hạn 2 thành viên trở lên ngoài NN,,2024-10-30 04:05:01,4661,Chi cục Thuế khu vực Tiên Du - Quế Võ,0912026183,Nguyễn Hồng Thái,Đang hoạt động (đã được cấp GCN ĐKT),2300206742,2025-03-03 10:01:55,https://masothue.com/2300206742-cong-ty-tnhh-thuong-mai-va-dich-vu-ngan-ha-bac-ninh
2009-12-22,"Liễn Hạ, Phường Đại Xuân, Thị xã Quế Võ, Tỉnh Bắc Ninh, Việt Nam","1394, 1399, 1629, 1701, 1702, 1709, 1811, 2219, 2220, 2391, 2392, 2592, 2593, 2599, 2610, 3290, 4652, 4659, 4669, 4761, 4931, 4932, 4933, 6810, 8299",CÔNG TY TNHH MỘT THÀNH VIÊN PHƯƠNG ĐÔNG,"PHUONG DONG ONE MEMBER CO.,LTD",Công ty trách nhiệm hữu hạn ngoài NN,PHUONG DONG ONE MEMBER COMPANY,2024-11-02 16:41:01,4663,Cục Thuế Tỉnh Bắc Ninh,,LÊ XUÂN TIẾP,Đang hoạt động (đã được cấp GCN ĐKT),2300521543,2025-03-03 10:01:57,https://masothue.com/2300521543-cong-ty-tnhh-mot-thanh-vien-phuong-dong
2010-10-21,"Khu phố Xuân Bình, Phường Đại Xuân, Thị xã Quế Võ, Tỉnh Bắc Ninh, Việt Nam","4101, 4102, 4211, 4212, 4221, 4222, 4223, 4229, 4291, 4292, 4293, 4299, 4311, 4312, 4321, 4322, 4329, 4330, 4390, 4520, 4530, 4631, 4632, 4633, 4634, 4649, 4661, 4663, 4730, 4931, 5210, 5224, 7710",CÔNG TY TNHH SẢN XUẤT THƯƠNG MẠI VÀ DỊCH VỤ HÒA PHÁT,"HOA PHAT SERVICE TRADE AND MANUFACTURING CO., LTD",Công ty trách nhiệm hữu hạn 2 thành viên trở lên ngoài NN,HOA PHAT SERVICE TRADE AND MANUFACTURING COMPANY LIMITED,2024-11-04 01:47:02,4933,Chi cục Thuế khu vực Tiên Du - Quế Võ,02223612076,VŨ ĐỨC QUÝ,Đang hoạt động (đã được cấp GCN ĐKT),2300576775,2025-03-03 10:02:00,https://masothue.com/2300576775-cong-ty-tnhh-san-xuat-thuong-mai-va-dich-vu-hoa-phat
2014-11-03,"Khu phố Vĩnh Thế, Phường Đại Xuân, Thị xã Quế Võ, Tỉnh Bắc Ninh, Việt Nam","1410, 4632, 4641, 4649, 4669, 4690, 4711, 4719, 4721, 4722, 4751, 4761, 4771, 4799, 4931, 4932, 4933, 5210, 5224, 5225, 5229",CÔNG TY TNHH ÁO MƯA VIỆT Ý,,Công ty trách nhiệm hữu hạn 2 thành viên trở lên ngoài NN,,2024-11-10 04:44:02,3290,Chi cục Thuế khu vực Tiên Du - Quế Võ,0366727224,NGUYỄN VĂN CƯỜNG,Đang hoạt động (đã được cấp GCN ĐKT),2300861998,2025-03-03 10:02:03,https://masothue.com/2300861998-cong-ty-tnhh-ao-mua-viet-y
2013-01-15,"Khu phố Xuân Bình (NR: Nguyễn Ngọc Long), Phường Đại Xuân, Thị xã Quế Võ, Tỉnh Bắc Ninh, Việt Nam","1511, 1512, 2022, 2592, 3100, 3312, 3320, 4100, 4210, 4220, 4290, 4311, 4312, 4321, 4322, 4329, 4330, 4390, 4620, 4632, 4633, 4634, 4641, 4649, 4659, 4661, 4662, 4663, 4669, 4721, 4722, 4723, 4724, 4751, 4752, 4753, 4759, 4771, 4773",CÔNG TY TNHH ĐẦU TƯ VÀ XÂY DỰNG S&S,"S&S INVESTMENT AND CONSTRUCTION CO.,LTD",Công ty trách nhiệm hữu hạn ngoài NN,S&S INVESTMENT AND CONSTRUCTION COMPANY LIMITED,2024-11-13 01:58:01,4761,Chi cục Thuế khu vực Tiên Du - Quế Võ,0977578177,NGUYỄN VĂN THỊNH,Đang hoạt động (đã được cấp GCN ĐKT),2300770758,2025-03-03 10:02:05,https://masothue.com/2300770758-cong-ty-tnhh-dau-tu-va-xay-dung-s-s
2016-01-20,"Khu phố Công Cối, Phường Đại Xuân, Thị xã Quế Võ, Tỉnh Bắc Ninh, Việt Nam","5629, 5630",CÔNG TY TNHH SUSHI MARU,"SUSHI MARU CO., LTD",Công ty trách nhiệm hữu hạn ngoài NN,SUSHI MARU COMPANY LIMITED,2024-11-14 17:05:01,5610,Cục Thuế Tỉnh Bắc Ninh,02223896501 / 097322,KIM JUNG CHUL,Đang hoạt động (đã được cấp GCN ĐKT),2300928642,2025-03-03 10:02:07,https://masothue.com/2300928642-cong-ty-tnhh-sushi-maru
1994-10-26,"Khu phố Liễn Thượng, Phường Đại Xuân, Thị xã Quế Võ, Tỉnh Bắc Ninh, Việt Nam","1610, 1621, 1622, 1623, 1629, 2395, 3100, 3315, 4649, 4661, 4663, 4669, 4730, 4752, 4759, 4933, 5022, 5210, 5224, 7110",CÔNG TY ĐÓNG TÀU HÀ VINH (TNHH),,Công ty trách nhiệm hữu hạn 2 thành viên trở lên ngoài NN,,2024-11-16 00:34:02,3011,Chi cục Thuế khu vực Tiên Du - Quế Võ,0222 3612 077,NGUYỄN HỮU TRƯỜNG,Đang hoạt động (đã được cấp GCN ĐKT),2300124916,2025-03-03 10:02:08,https://masothue.com/2300124916-cong-ty-dong-tau-ha-vinh-tnhh
2012-09-27,"Khu phố Vĩnh Thế, Phường Đại Xuân, Thị xã Quế Võ, Tỉnh Bắc Ninh, Việt Nam","1392, 1410, 1512, 1702, 1709, 1811, 1812, 2013, 2220, 3250, 4641, 4649, 4669, 4690, 4762, 4799, 4931, 4932, 4933, 8299",CÔNG TY TNHH NETVIET,CTY NETVIET,Công ty trách nhiệm hữu hạn 2 thành viên trở lên ngoài NN,,2024-11-16 19:46:01,3290,Chi cục Thuế khu vực Tiên Du - Quế Võ,,NGUYỄN VĂN HỌA,Đang hoạt động (đã được cấp GCN ĐKT),2300753706,2025-03-03 10:02:10,https://masothue.com/2300753706-cong-ty-tnhh-netviet
2017-10-03,"Nhà ông Nguyễn Văn Khải, Khu phố Xuân Hòa, Phường Đại Xuân, Thị xã Quế Võ, Tỉnh Bắc Ninh, Việt Nam","0118, 0162, 0899, 2410, 2591, 3511, 3512, 4101, 4102, 4211, 4212, 4221, 4222, 4291, 4293, 4299, 4311, 4312, 4321, 4322, 4329, 4330, 4633, 4651, 4659, 4690, 4932, 4933, 5229, 5510, 5610, 6612, 6810, 6820, 7110, 7310, 7912, 8299",CÔNG TY CP ĐẦU TƯ TM TRUNG TIẾN,,Công ty cổ phần ngoài NN,TRUNG TIEN INVESTMENT TRANGDING JOINT STOCK COMPANY,2024-11-18 09:54:01,4662,Cục Thuế Tỉnh Bắc Ninh,0969171987,NGUYỄN VĂN KHẢI,Đang hoạt động (đã được cấp GCN ĐKT),5300732885,2025-03-03 10:02:12,https://masothue.com/5300732885-cong-ty-cp-dau-tu-tm-trung-tien
2021-11-04,"Khu phố Nghiêm Thôn, Phường Phố Mới, Thị xã Quế Võ, Tỉnh Bắc Ninh, Việt Nam","2013, 2220, 2410, 2431, 2592, 3290, 3311, 3320, 4610, 4631, 4632, 4633, 4669, 4690, 4711, 4719, 4721, 4722, 4723, 4912, 4933, 5012, 5022, 5120, 5210, 5221, 5222, 5223, 5224, 5225, 5229, 5310, 5320, 5610, 5621, 5630, 8299",CÔNG TY TNHH THƯƠNG MẠI VÀ DỊCH VỤ NGỌC LAN HOÀNG,,Công ty trách nhiệm hữu hạn ngoài NN,NGOC LAN HOANG TRADING AND SERVICE LIMITED COMPANY,2024-12-17 08:13:02,5629,Chi cục Thuế khu vực Tiên Du - Quế Võ,0395694980,NGUYỄN THỊ NGỌC LAN,Đang hoạt động (đã được cấp GCN ĐKT),2301191376,2025-03-03 10:02:15,https://masothue.com/2301191376-cong-ty-tnhh-thuong-mai-va-dich-vu-ngoc-lan-hoang
2022-01-12,"Số nhà 52 Khu I, Phường Phố Mới, Thị xã Quế Võ, Tỉnh Bắc Ninh, Việt Nam","1811, 4330, 4651, 4652, 4690, 4761, 4784, 5820, 6190, 6201, 6202, 6209, 6311, 6312, 6619, 6810, 6820, 7310, 7320, 7410, 7710, 8299, 9311, 9312, 9319, 9329",CÔNG TY TNHH ĐẦU TƯ VÀ PHÁT TRIỂN QUỐC TẾ MẶT TRỜI MỚI,,Công ty trách nhiệm hữu hạn 2 thành viên trở lên ngoài NN,NEW SUN INTERNATIONAL INVESTMENT AND DEVELOPMENT COMPANY LIMITED,2024-12-17 17:22:01,4741,Chi cục Thuế khu vực Tiên Du - Quế Võ,0918278713,ĐẶNG DIỆU NGOAN,Đang hoạt động (đã được cấp GCN ĐKT),2301199706,2025-03-03 10:02:17,https://masothue.com/2301199706-cong-ty-tnhh-dau-tu-va-phat-trien-quoc-te-mat-troi-moi
2022-01-17,"Khu phố Đỉnh, Phường Phố Mới, Thị xã Quế Võ, Tỉnh Bắc Ninh, Việt Nam","1010, 1020, 1030, 1040, 1050, 1061, 1062, 1071, 1072, 1073, 1074, 1075, 1076, 1077, 1079, 1080, 4101, 4102, 4211, 4212, 4221, 4222, 4223, 4229, 4291, 4292, 4293, 4299, 4311, 4312, 4321, 4322, 4329, 4330, 4390, 4610, 4620, 4631, 4632, 4633, 4634, 4641, 4649, 4651, 4652, 4653, 4659, 4661, 4662, 4669, 4690, 4741, 4752, 5610, 5621, 5629, 5630, 6201, 6202, 6209",CÔNG TY TNHH DỊCH VỤ THƯƠNG MẠI VÀ XÂY DỰNG SỬ PHẤN,,Công ty trách nhiệm hữu hạn ngoài NN,,2024-12-17 19:39:01,4663,Chi cục Thuế khu vực Tiên Du - Quế Võ,098 3361818,NGUYỄN VĂN SỬ,Đang hoạt động (đã được cấp GCN ĐKT),2301200158,2025-03-03 10:02:20,https://masothue.com/2301200158-cong-ty-tnhh-dich-vu-thuong-mai-va-xay-dung-su-phan
2022-02-18,"Số nhà 1047, Khu 5, Phường Phố Mới, Thị xã Quế Võ, Tỉnh Bắc Ninh, Việt Nam","4311, 4312, 4321, 4322, 4329, 4330, 4390, 4649, 4652, 4659, 4690, 4752, 8299",CÔNG TY TNHH THƯƠNG MẠI VÀ XÂY DỰNG HIẾU TÂM,,Công ty trách nhiệm hữu hạn ngoài NN,,2024-12-18 03:50:01,4663,Chi cục Thuế khu vực Tiên Du - Quế Võ,0387447668,NGUYỄN VĂN MẬU,Đang hoạt động (đã được cấp GCN ĐKT),2301202194,2025-03-03 10:02:23,https://masothue.com/2301202194-cong-ty-tnhh-thuong-mai-va-xay-dung-hieu-tam
2022-03-08,"Khu 2, Phường Phố Mới, Thị xã Quế Võ, Tỉnh Bắc Ninh, Việt Nam","2220, 2511, 2592, 2599, 2610, 3100, 3312, 3314, 3320, 4101, 4102, 4212, 4221, 4222, 4223, 4229, 4291, 4292, 4293, 4299, 4311, 4312, 4321, 4322, 4329, 4330, 4390, 4511, 4512, 4513, 4520, 4530, 4610, 4631, 4632, 4641, 4649, 4651, 4652, 4659, 4661, 4662, 4663, 4669, 4711, 4719, 4721, 4722, 4723, 4781, 4933, 5510, 5590, 5621, 5629, 5630, 6810, 6820, 8299",CÔNG TY TNHH DỊCH VỤ THƯƠNG MẠI VÀ SẢN XUẤT PHÚC PHƯỚC LỘC,"PHUC PHUOC LOC PRODUCTION AND TRADING SERVICES CO.,LTD",Công ty trách nhiệm hữu hạn ngoài NN,PHUC PHUOC LOC PRODUCTION AND TRADING SERVICES COMPANY LIMITED,2024-12-18 21:10:01,5610,Chi cục Thuế khu vực Tiên Du - Quế Võ,0974412181 - 0941835,NGUYỄN ĐỨC PHƯỚC,Đang hoạt động (đã được cấp GCN ĐKT),2301203938,2025-03-03 10:02:25,https://masothue.com/2301203938-cong-ty-tnhh-dich-vu-thuong-mai-va-san-xuat-phuc-phuoc-loc
2022-04-06,"Số nhà 16, Chợ trung tâm thị trấn Phố Mới, Khu phố 1, Phường Phố Mới, Thị xã Quế Võ, Tỉnh Bắc Ninh, Việt Nam","2511, 2512, 2591, 2592, 2593, 2599, 3319, 3320, 4101, 4102, 4211, 4212, 4221, 4222, 4223, 4229, 4291, 4292, 4293, 4299, 4311, 4312, 4321, 4322, 4329, 4330, 4390, 4511, 4512, 4520, 4530, 4541, 4542, 4543, 4632, 4633, 4641, 4649, 4659, 4661, 4662, 4663, 4669, 4773, 4931, 4932, 4933, 5210, 5225, 5229, 5510, 5590, 5610, 5621, 5629, 5630, 7110, 7710, 7730, 7810, 7820, 7830, 7911, 7912, 7990, 8299, 8559, 8560",CÔNG TY TNHH THƯƠNG MẠI VÀ DỊCH VỤ VẬN TẢI LINH ANH,,Công ty trách nhiệm hữu hạn ngoài NN,LINH ANH TRANSPORTATION SERVICE AND TRADE COMPANY LIMITED,2024-12-20 21:30:01,4690,Chi cục Thuế khu vực Tiên Du - Quế Võ,0888485666,NGUYỄN THỊ NHÃ,Đang hoạt động (đã được cấp GCN ĐKT),2301206921,2025-03-03 10:02:28,https://masothue.com/2301206921-cong-ty-tnhh-thuong-mai-va-dich-vu-van-tai-linh-anh
2022-04-13,"Khu 2, Phường Phố Mới, Thị xã Quế Võ, Tỉnh Bắc Ninh, Việt Nam","2013, 2220, 2410, 2431, 2432, 2591, 2599, 2610, 3290, 3311, 3312, 3314, 3320, 4321, 4322, 4329, 4330, 4649, 4651, 4652, 4659, 4662, 4663, 4669, 4690, 8299",CÔNG TY TNHH JCORP VINA,"JCORP VINA CO.,LTD",Công ty trách nhiệm hữu hạn 2 thành viên trở lên ngoài NN,JCORP VINA COMPANY LIMITED,2024-12-21 00:20:01,2592,Chi cục Thuế khu vực Tiên Du - Quế Võ,0968772531,KIM DAEJUNG,Đang hoạt động (đã được cấp GCN ĐKT),2301207241,2025-03-03 10:02:31,https://masothue.com/2301207241-cong-ty-tnhh-jcorp-vina
2022-04-25,"Khu 5, Phường Phố Mới, Thị xã Quế Võ, Tỉnh Bắc Ninh, Việt Nam","2511, 2593, 2750, 2814, 2815, 2819, 3290, 3311, 3312, 3314, 3319, 3320, 4321, 4659, 4663, 4669, 4690, 4752, 4799, 8020, 8299",CÔNG TY TNHH THƯƠNG MẠI CƠ KHÍ CHÍNH XÁC HỒNG TRƯỜNG,,Công ty trách nhiệm hữu hạn 2 thành viên trở lên ngoài NN,HONG TRUONG PRECISION MECHANICAL TRADING COMPANY LIMITED,2024-12-21 06:43:01,2592,Chi cục Thuế khu vực Tiên Du - Quế Võ,0904418541,NGUYỄN HỒNG TRƯỜNG,Đang hoạt động (đã được cấp GCN ĐKT),2301208439,2025-03-03 10:02:34,https://masothue.com/2301208439-cong-ty-tnhh-thuong-mai-co-khi-chinh-xac-hong-truong
2022-05-12,"Thửa đất số 256, tờ bản đồ số 45, Xã Hoàn Sơn, Huyện Tiên Du, Tỉnh Bắc Ninh, Việt Nam",7320,CÔNG TY TNHH ASL ACCOUNTING OUTSOURCING,"ASL ACCOUNTING OUTSOURCING CO., LTD.",Công ty trách nhiệm hữu hạn ngoài NN,ASL ACCOUNTING OUTSOURCING COMPANY LIMITED.,2024-12-21 14:45:02,7020,Cục Thuế Tỉnh Bắc Ninh,0707794998,AMANJIT SINGH LALIA,Đang hoạt động (đã được cấp GCN ĐKT),0317288348,2025-03-03 10:02:36,https://masothue.com/0317288348-cong-ty-tnhh-asl-accounting-outsourcing
2022-06-06,"Khu phố Nghiêm Thôn, Phường Phố Mới, Thị xã Quế Võ, Tỉnh Bắc Ninh, Việt Nam","2013, 2029, 2220, 4530, 4659, 4661, 4662, 4663, 4690, 4933, 5210, 5224, 5510, 5621, 8299",CÔNG TY TNHH THƯƠNG MẠI QUỐC TẾ KT,,Công ty trách nhiệm hữu hạn ngoài NN,KT INTERNATIONAL TRADING COMPANY LIMITED,2024-12-22 02:40:01,4669,Chi cục Thuế khu vực Tiên Du - Quế Võ,0382803683,JIANG YUGUO,Đang hoạt động (đã được cấp GCN ĐKT),2301211872,2025-03-03 10:02:39,https://masothue.com/2301211872-cong-ty-tnhh-thuong-mai-quoc-te-kt
2022-06-15,"Số 26, Khu phố 3, Phường Phố Mới, Thị xã Quế Võ, Tỉnh Bắc Ninh, Việt Nam","4520, 4542, 4649, 4659, 4663, 4669, 4690, 4752, 4931, 4932, 5225, 5229",CÔNG TY TNHH VẬN TẢI ANH QUÂN VINA,,Công ty trách nhiệm hữu hạn ngoài NN,ANH QUAN VINA TRANSPORT COMPANY LIMITED,2025-02-12 11:01:36,4933,Chi cục Thuế khu vực Tiên Du - Quế Võ,,NGUYỄN MẠNH QUÂN,Đang hoạt động (đã được cấp GCN ĐKT),2301212499,2025-03-03 10:02:41,https://masothue.com/2301212499-cong-ty-tnhh-van-tai-anh-quan-vina
2022-06-20,"Khu phố 1, Phường Phố Mới, Thị xã Quế Võ, Tỉnh Bắc Ninh, Việt Nam","1622, 1629, 2592, 2610, 3100, 3211, 3700, 3812, 3821, 3830, 3900, 4212, 4669, 4719, 4741, 4931, 4932, 5229, 6619, 7020, 7410, 7490, 7710, 7729, 8219, 9524",CÔNG TY TNHH KWANG JIN TECH VINA,"KWANG JIN TECH VINA CO.,LTD",Công ty trách nhiệm hữu hạn ngoài NN,KWANG JIN TECH VINA LIMITED COMPANY,2024-12-22 11:01:01,8299,Chi cục Thuế khu vực Tiên Du - Quế Võ,0396585585,LÊ ANH QUÂN,Đang hoạt động (đã được cấp GCN ĐKT),2301212925,2025-03-03 10:02:43,https://masothue.com/2301212925-cong-ty-tnhh-kwang-jin-tech-vina
2022-07-13,"Số 90 Khu Phố 1, Phường Phố Mới, Thị xã Quế Võ, Tỉnh Bắc Ninh, Việt Nam","0118, 0121, 1010, 1030, 1104, 1610, 1621, 1629, 1709, 1811, 1812, 2022, 2620, 2630, 2640, 2821, 2822, 3312, 4322, 4610, 4633, 4641, 4649, 4651, 4652, 4653, 4662, 4663, 4669, 4711, 4723, 4741, 4742, 4759, 4761, 4762, 4763, 4773, 4791, 5510, 6201, 6202, 6209, 7320, 7410, 7420, 7710, 7722, 7730, 8130, 8211, 8219, 8292, 8299, 8560, 9511, 9512, 9521",CÔNG TY CỔ PHẦN THƯƠNG MẠI NC,,Công ty cổ phần ngoài NN,NC TRADING JOINT STOCK COMPANY,2024-12-22 23:23:01,4659,Chi cục Thuế khu vực Tiên Du - Quế Võ,0966671080,ĐOÀN VĂN CƯỜNG,Đang hoạt động (đã được cấp GCN ĐKT),2301214827,2025-03-03 10:02:45,https://masothue.com/2301214827-cong-ty-co-phan-thuong-mai-nc
2022-07-20,"Khu phố 5, Phường Phố Mới, Thị xã Quế Võ, Tỉnh Bắc Ninh, Việt Nam",,CÔNG TY TNHH TM&DV THÁI HÀ GROUP,,Công ty trách nhiệm hữu hạn ngoài NN,,2024-12-23 03:19:01,,Chi cục Thuế khu vực Tiên Du - Quế Võ,0982559000,NGUYỄN HỒNG QUYỀN,Đang hoạt động (đã được cấp GCN ĐKT),2301215683,2025-03-03 10:02:48,https://masothue.com/2301215683-cong-ty-tnhh-thuong-mai-dich-vu-bat-dong-san-thai-ha-group
2022-07-29,"Khu phố 2, Phường Phố Mới, Thị xã Quế Võ, Tỉnh Bắc Ninh, Việt Nam",,CÔNG TY TNHH CÔNG NGHỆ NGỌC BẢO ANH,"NGOC BAO ANH TECHNOLOGY CO.,LTD",Công ty trách nhiệm hữu hạn ngoài NN,NGOC BAO ANH TECHNOLOGY COMPANY LIMITED,2024-12-23 08:33:01,,Chi cục Thuế khu vực Tiên Du - Quế Võ,0366700007,NGUYỄN BÁ NGỌC,Đang hoạt động (đã được cấp GCN ĐKT),2301216528,2025-03-03 10:02:49,https://masothue.com/2301216528-cong-ty-tnhh-cong-nghe-ngoc-bao-anh
2022-09-05,"Đường Trần Hưng Đạo, khu phố Đỉnh, Phường Phố Mới, Thị xã Quế Võ, Tỉnh Bắc Ninh, Việt Nam","2591, 2592, 3320, 4101, 4102, 4211, 4212, 4221, 4222, 4223, 4229, 4291, 4292, 4293, 4311, 4312, 4321, 4322, 4329, 4330, 4511, 4659, 4662, 4663, 4752, 4753, 4759, 4931, 4932, 4933, 5224, 5229, 5610, 7110, 7310, 7710, 7730, 7820, 7990, 8110, 8121, 8129, 8230, 8299",CÔNG TY CỔ PHẦN WE ARE,WE ARE JSC,Công ty cổ phần ngoài NN,WE ARE JOINT STOCK COMPANY,2024-12-24 04:28:02,4299,Chi cục Thuế khu vực Tiên Du - Quế Võ,0964175614,TRẦN VĂN THÊM,Đang hoạt động (đã được cấp GCN ĐKT),2301219134,2025-03-03 10:02:52,https://masothue.com/2301219134-cong-ty-co-phan-we-are
2022-09-16,"Số 4, Nghiêm Thôn, Phường Phố Mới, Thị xã Quế Võ, Tỉnh Bắc Ninh, Việt Nam","1102, 1103, 1104, 2591, 2592, 2593, 2599, 2610, 3312, 3313, 3320, 4610, 4631, 4632, 4633, 4649, 4653, 4659, 4662, 4669, 4690, 4723, 4751, 4752, 4753, 4759, 4761, 4771, 4773, 4781, 4791, 4933, 5610, 5621, 5629, 5630, 7110, 7120, 7820, 9521, 9522",CÔNG TY TNHH CUNG ỨNG NHÂN LỰC GIA HƯNG – CHI NHÁNH,,Công ty trách nhiệm hữu hạn 2 thành viên trở lên ngoài NN,,2024-12-24 13:19:01,7830,Chi cục Thuế khu vực Tiên Du - Quế Võ,0868838886,LẠI HỮU LONG,Đang hoạt động (đã được cấp GCN ĐKT),2301015074-004,2025-03-03 10:02:55,https://masothue.com/2301015074-004-cong-ty-tnhh-cung-ung-nhan-luc-gia-hung-chi-nhanh
2022-11-14,"Số nhà 995, đường Quang Trung, khu 5, Phường Phố Mới, Thị xã Quế Võ, Tỉnh Bắc Ninh, Việt Nam","0150, 0161, 0162, 0163, 0164, 1080, 1101, 1102, 1103, 1104, 2011, 2012, 2021, 2023, 2100, 2220, 2593, 2599, 2817, 3250, 3290, 3821, 4299, 4311, 4312, 4321, 4322, 4329, 4330, 4610, 4620, 4641, 4649, 4653, 4659, 4662, 4663, 4669, 4690, 4752, 5210, 5221, 5222, 5224, 5225, 5229, 5310, 5320, 6619, 6810, 6820, 7020, 7120, 7211, 7212, 7213, 7214, 7410, 7490, 8230, 8299, 9810, 9820",CÔNG TY CỔ PHẦN CÔNG NGHỆ SINH HỌC BIO ELITE,"BIO ELITE.,JSC",Công ty cổ phần ngoài NN,BIO ELITE BIOTECHNOLOGY JOINT STOCK COMPANY,2024-12-26 07:34:01,1079,Cục Thuế Tỉnh Bắc Ninh,0333701818,NGUYỄN THỊ HOÀNG THANH,Đang hoạt động (đã được cấp GCN ĐKT),2301225321,2025-03-03 10:02:57,https://masothue.com/2301225321-cong-ty-co-phan-cong-nghe-sinh-hoc-bio-elite
2023-01-09,"Km số 10 - Quốc lộ 18, Phường Phố Mới, Thị xã Quế Võ, Tỉnh Bắc Ninh, Việt Nam","2610, 2620, 2630, 2640, 2651, 2652, 2660, 2670, 2680, 2720, 2731, 2732, 2733, 2740, 2750, 2790, 2811, 2812, 2813, 2814, 2815, 2816, 2817, 2818, 2819, 2821, 2822, 2823, 2824, 2825, 2826, 2829, 4649, 4651, 4652, 4653, 4659, 4669, 4690, 4741, 4742, 8299",CÔNG TY TNHH CÔNG NGHỆ ĐIỆN TỬ SHENGYUAN VIỆT NAM,"SHENGYUAN VIET NAM ELECTRONIC TECHNOLOGY CO.,LTD",Công ty trách nhiệm hữu hạn ngoài NN,SHENGYUAN VIET NAM ELECTRONIC TECHNOLOGY COMPANY LIMITED,2024-12-27 18:35:01,2710,Chi cục Thuế khu vực Tiên Du - Quế Võ,0931256457,"YIN, SHUYING",Đang hoạt động (đã được cấp GCN ĐKT),2301230240,2025-03-03 10:02:59,https://masothue.com/2301230240-cong-ty-tnhh-cong-nghe-dien-tu-shengyuan-viet-nam
2023-01-10,"Số 106, Khu 3, Phường Phố Mới, Thị xã Quế Võ, Tỉnh Bắc Ninh, Việt Nam","1410, 1702, 1709, 1812, 1820, 2592, 2593, 2599, 3100, 4641, 4649, 4651, 4652, 4659, 4663, 4669, 4690, 4741, 4742, 4752, 4759, 4761, 4771, 4773, 4783, 4784, 4791, 4799, 4933, 7310, 7320, 8211, 8219, 8299, 9511, 9521, 9522, 9523, 9524",CÔNG TY TNHH THĂNG LONG - LC,"THANG LONG - LC CO., LTD",,THANG LONG - LC COMPANY LIMITED,2024-12-27 20:09:01,1811,Chi cục Thuế khu vực Tiên Du - Quế Võ,0988872039,LƯƠNG VĂN BÙI,Đang hoạt động (đã được cấp GCN ĐKT),2301230716,2025-03-03 10:03:02,https://masothue.com/2301230716-cong-ty-tnhh-thang-long-lc
2023-02-17,"Km10, Quốc lộ 18, Phường Phố Mới, Thị xã Quế Võ, Tỉnh Bắc Ninh, Việt Nam","4101, 4212, 4229, 4299, 4311, 4312, 4321, 4322, 4329, 4330, 4390, 4511, 4512, 4513, 4530, 4541, 4542, 4543, 4610, 4632, 4633, 4641, 4651, 4659, 4661, 4662, 4663, 4669, 4753, 4759, 4931, 4932, 4933, 5210, 5224, 5225, 5229, 5510, 5610, 7710",CÔNG TY TNHH THƯƠNG MẠI DỊCH VỤ VÀ ĐẦU TƯ MINH HẰNG,,Công ty trách nhiệm hữu hạn ngoài NN,MINH HANG INVESTMENT AND SERVICE TRADING COMPANY LIMITED,2024-12-28 16:37:01,4520,Chi cục Thuế khu vực Tiên Du - Quế Võ,0974493998,PHẠM HỮU HẰNG,Đang hoạt động (đã được cấp GCN ĐKT),2301233675,2025-03-03 10:03:05,https://masothue.com/2301233675-cong-ty-tnhh-thuong-mai-dich-vu-va-dau-tu-minh-hang
2023-03-10,"Ki-ốt 22, dãy 8A, chợ trung tâm, Phường Phố Mới, Thị xã Quế Võ, Tỉnh Bắc Ninh, Việt Nam","2420, 4291, 4292, 4293, 4299, 4321, 4322, 4641, 4649, 4652, 4659, 4662, 4663, 4669, 5224, 7710",CÔNG TY TNHH THƯƠNG MẠI VÀ DỊCH VỤ FAZHAN,"FAZHAN TRADING AND SERVICE CO., LTD",,FAZHAN TRADING AND SERVICE COMPANY LIMITED,2024-12-29 08:19:02,3100,Chi cục Thuế khu vực Tiên Du - Quế Võ,0966887185,NGUYỄN THỊ TƯƠI,Đang hoạt động (đã được cấp GCN ĐKT),2301236066,2025-03-03 10:03:07,https://masothue.com/2301236066-cong-ty-tnhh-thuong-mai-va-dich-vu-fazhan
2023-03-14,"Số 1201, Tầng 4 Tòa Nhà Trung Tâm Thương Mại Quế Võ, Khu 3, Phường Phố Mới, Thị xã Quế Võ, Tỉnh Bắc Ninh, Việt Nam","1811, 1812, 4932, 4933, 5510, 5590, 6619, 7320, 7490, 7710, 7810, 7820, 7830, 7911, 7912, 7990, 8211, 8219, 8230, 8559",CÔNG TY TNHH THƯƠNG MẠI DỊCH VỤ QUỐC TẾ TÂM PHÚC,,,TAM PHUC INTERNATIONAL SERVICE TRADING COMPANY LIMITED,2024-12-29 11:24:01,8560,Chi cục Thuế khu vực Tiên Du - Quế Võ,0393134134,NGUYỄN THỊ PHÚC,Đang hoạt động (đã được cấp GCN ĐKT),2301236443,2025-03-03 10:03:10,https://masothue.com/2301236443-cong-ty-tnhh-thuong-mai-dich-vu-quoc-te-tam-phuc
2023-01-10,"Khu phố Đỉnh, Phường Phố Mới, Thị xã Quế Võ, Tỉnh Bắc Ninh, Việt Nam","1391, 1392, 1393, 1394, 1399, 1420, 1430, 1512, 3811, 3812, 3821, 3822, 4321, 4322, 4329, 4330, 4390, 4610, 4641, 4649, 4669, 4711, 4719, 4752, 4753, 4759, 4771, 7020, 7110, 8299",CÔNG TY TNHH MAY MẶC VÀ THƯƠNG MẠI SAS GLOBAL - CHI NHÁNH BẮC NINH,SAS GLOBAL Bac Ninh,Công ty trách nhiệm hữu hạn ngoài NN,BAC NINH BRANCH - SAS GLOBAL TRADE AND APPAREL COMPANY LIMITED,2025-02-20 05:25:01,1410,Chi cục Thuế khu vực Tiên Du - Quế Võ,056 3822 666,PHẠM THỊ HẠNH,Đang hoạt động (đã được cấp GCN ĐKT),0202165300-002,2025-03-03 10:03:12,https://masothue.com/0202165300-002-cong-ty-tnhh-may-mac-va-thuong-mai-sas-global-chi-nhanh-bac-ninh
2023-03-23,"Số nhà 1231 , đường Quang Trung, khu phố Nghiêm Thôn, Phường Phố Mới, Thị xã Quế Võ, Tỉnh Bắc Ninh, Việt Nam","0220, 1610, 1621, 1622, 1629, 1709, 1811, 1812, 2592, 3100, 4329, 4330, 4390, 4649, 4663, 4669, 4759, 4799, 7410, 7710",CÔNG TY TNHH QUẢNG CÁO QUỲNH KHANG,,Công ty trách nhiệm hữu hạn ngoài NN,,2024-12-29 17:54:01,7310,Chi cục Thuế khu vực Tiên Du - Quế Võ,0868065869,NGUYỄN VĂN MINH,Đang hoạt động (đã được cấp GCN ĐKT),2301237528,2025-03-03 10:03:15,https://masothue.com/2301237528-cong-ty-tnhh-quang-cao-quynh-khang
2023-12-25,"Lô G11, Khu công nghiệp Quế Võ (Khu mở rộng), Phường Phương Liễu, Thị xã Quế Võ, Tỉnh Bắc Ninh, Việt Nam","2599, 2651, 2829",CÔNG TY TNHH ELECTRONICS TECHNOLOGY & LASER SUNSHINE (VIỆT NAM),"SUNSHINE (VIETNAM) LASER & ELECTRONICS CO., LTD",Công ty trách nhiệm hữu hạn ngoài NN,SUNSHINE (VIETNAM) LASER & ELECTRONICS TECHNOLOGY COMPANY LIMITED,2024-09-29 21:44:02,2610,Cục Thuế Tỉnh Bắc Ninh,0373888093,"ZHANG, FENG",Đang hoạt động (đã được cấp GCN ĐKT),2301269671,2025-03-03 10:03:17,https://masothue.com/2301269671-cong-ty-tnhh-electronics-technology-laser-sunshine-viet-nam
2024-01-03,"Khu phố Phương Cầu, Phường Phương Liễu, Thị xã Quế Võ, Tỉnh Bắc Ninh, Việt Nam","4651, 4741, 4783, 5820, 6201, 6202, 6209, 7110, 7120, 7211, 7410",CÔNG TY TNHH GPS XUÂN NV68 HÀ NỘI,,Công ty trách nhiệm hữu hạn ngoài NN,,2024-10-01 11:41:01,7212,Chi cục Thuế khu vực Tiên Du - Quế Võ,0835506215,NGUYỄN VIẾT XUÂN,,2301270405,2025-03-03 10:03:20,https://masothue.com/2301270405-cong-ty-tnhh-gps-xuan-nv68-ha-noi
2024-01-11,"Khu phố Hà Liễu, Phường Phương Liễu, Thị xã Quế Võ, Tỉnh Bắc Ninh, Việt Nam","2591, 2593, 2599, 2813, 2814, 2816, 2819, 3311, 3312, 3319, 3320, 4662, 4669, 8299",CÔNG TY TNHH GIA CÔNG KIM LOẠI THUẬN PHÁT,,Công ty trách nhiệm hữu hạn ngoài NN,THUAN PHAT MACHINING METAL COMPANY LIMITED,2024-10-02 02:27:02,2592,Chi cục Thuế khu vực Tiên Du - Quế Võ,0357917252,NÔNG THÚY HỒNG,Đang hoạt động (đã được cấp GCN ĐKT),2301271568,2025-03-03 10:03:23,https://masothue.com/2301271568-cong-ty-tnhh-gia-cong-kim-loai-thuan-phat
2024-01-11,"Khu phố Phương Cầu, Phường Phương Liễu, Thị xã Quế Võ, Tỉnh Bắc Ninh, Việt Nam","4711, 4719, 4721, 4722, 4723, 4773, 8299",CÔNG TY TNHH KINH DOANH THƯƠNG MẠI VIXUAN,,Công ty trách nhiệm hữu hạn ngoài NN,,2024-10-02 02:27:02,4690,Chi cục Thuế khu vực Tiên Du - Quế Võ,0835506215,NGUYỄN VIẾT XUÂN,,2301271448,2025-03-03 10:03:24,https://masothue.com/2301271448-cong-ty-tnhh-kinh-doanh-thuong-mai-vixuan
2024-01-11,"Khu phố Phương Cầu, Phường Phương Liễu, Thị xã Quế Võ, Tỉnh Bắc Ninh, Việt Nam","2511, 2592, 2599, 2610, 2620, 2630, 2640, 2750, 2790, 3312, 3320, 4610, 4632, 4633, 4641, 4649, 4651, 4652, 4659, 4669, 4690, 4722, 4723, 4724, 4772, 4773, 4799, 4933, 5610, 5621, 5629, 5630, 7110, 7310, 7730, 8299",CÔNG TY TNHH DMA VINA,"DMA VINA CO., LTD",Công ty trách nhiệm hữu hạn ngoài NN,DMA VINA COMPANY LIMITED,2024-10-02 04:28:01,2220,Chi cục Thuế khu vực Tiên Du - Quế Võ,0366 618 283,KIM SOUNG CHEUL,Đang hoạt động (đã được cấp GCN ĐKT),2301271776,2025-03-03 10:03:27,https://masothue.com/2301271776-cong-ty-tnhh-dma-vina
2024-01-16,"Khu phố Hà Liễu, Phường Phương Liễu, Thị xã Quế Võ, Tỉnh Bắc Ninh, Việt Nam","2610, 3312, 3320, 4620, 4631, 4632, 4649, 4651, 4652, 4653, 4659, 4661, 4663, 4669, 4711, 4719, 4741, 4759, 4931, 4933, 5510, 5610, 6810, 6820, 7213, 8299, 8699",CÔNG TY TNHH ĐÔNG Y NGÔ GIA,"NGO GIA ORIENTAL MEDICINE CO., LTD",Công ty trách nhiệm hữu hạn ngoài NN,NGO GIA ORIENTAL MEDICINE COMPANY LIMITED,2025-01-08 22:51:01,4772,Chi cục Thuế khu vực Tiên Du - Quế Võ,0963433668,NGÔ THANH TÙNG,,2301272258,2025-03-03 10:03:30,https://masothue.com/2301272258-cong-ty-tnhh-dong-y-ngo-gia
2024-01-16,"Khu phố Giang Liễu, Phường Phương Liễu, Thị xã Quế Võ, Tỉnh Bắc Ninh, Việt Nam","1702, 2219, 4669, 8299",CÔNG TY TNHH VẬT LIỆU ZHONGDAO VIỆT NAM,,Công ty trách nhiệm hữu hạn ngoài NN,VIET NAM ZHONGDAO MATERIAL COMPANY LIMITED,2025-01-08 23:11:01,2220,Chi cục Thuế khu vực Tiên Du - Quế Võ,0354760668,BÙI THỊ LAN,Đang hoạt động (đã được cấp GCN ĐKT),2301272226,2025-03-03 10:03:32,https://masothue.com/2301272226-cong-ty-tnhh-vat-lieu-zhongdao-viet-nam
2024-01-17,"Do Nha, Phường Phương Liễu, Thị xã Quế Võ, Tỉnh Bắc Ninh, Việt Nam","4651, 4652, 4662, 4690, 5210, 5224, 7020, 7110, 7212, 7410, 8230",CÔNG TY TNHH HỆ THỐNG TỰ ĐỘNG HOÁ LOGISTICS HONGLO,"HONGLO LOGISTICS AUTOMATION SYSTEM CO., LTD",Công ty trách nhiệm hữu hạn ngoài NN,HONGLO LOGISTICS AUTOMATION SYSTEM COMPANY LIMITED,2025-01-09 11:28:02,4659,Chi cục Thuế khu vực Tiên Du - Quế Võ,0855028269,"YANG, JIAN",Đang hoạt động (đã được cấp GCN ĐKT),2301272402,2025-03-03 10:03:34,https://masothue.com/2301272402-cong-ty-tnhh-he-thong-tu-dong-hoa-logistics-honglo
2024-01-23,"Lô G11, Khu công nghiệp Quế Võ, Phường Phương Liễu, Thị xã Quế Võ, Tỉnh Bắc Ninh, Việt Nam","2220, 2599, 2733, 3290",CÔNG TY TNHH GENIUS SHIMODA (VIỆT NAM),"GENIUS SHIMODA (VIETNAM) CO.,LTD",Công ty trách nhiệm hữu hạn 2 thành viên trở lên ngoài NN,GENIUS SHIMODA (VIETNAM) COMPANY LIMITED,2025-01-11 20:09:01,2610,Cục Thuế Tỉnh Bắc Ninh,0839738566,"LI, LIANGWEI",Đang hoạt động (đã được cấp GCN ĐKT),2301273082,2025-03-03 10:03:36,https://masothue.com/2301273082-cong-ty-tnhh-genius-shimoda-viet-nam
2024-01-24,"Lô G11 KCN Quế Võ, Phường Phương Liễu, Thị xã Quế Võ, Tỉnh Bắc Ninh, Việt Nam","2220, 2599, 2651, 3312, 3320, 4669, 6201, 7212",CÔNG TY TNHH CÔNG NGHỆ THÔNG MINH KANGTAIDA,"KANGTAIDA INTELLIGENT TECHNOLOGY CO., LTD",Công ty trách nhiệm hữu hạn ngoài NN,KANGTAIDA INTELLIGENT TECHNOLOGY COMPANY LIMITED,2025-01-12 03:45:02,4690,Cục Thuế Tỉnh Bắc Ninh,0388957954,"LYU, GUI",Đang hoạt động (đã được cấp GCN ĐKT),2301273276,2025-03-03 10:03:39,https://masothue.com/2301273276-cong-ty-tnhh-cong-nghe-thong-minh-kangtaida
2024-01-25,"Khu phố Do Nha, Phường Phương Liễu, Thị xã Quế Võ, Tỉnh Bắc Ninh, Việt Nam","2610, 4932, 5510, 5610, 5629, 5630, 7810, 7830, 9329",CÔNG TY TNHH DỊCH VỤ VÀ THƯƠNG MẠI SBG VIỆT NAM,SBG VIETNAM CO.LTD,Công ty trách nhiệm hữu hạn ngoài NN,SBG VIETNAM SERVICES AND TRADING COMPANY LIMITED,2025-01-12 04:53:01,7820,Chi cục Thuế khu vực Tiên Du - Quế Võ,0973292648,TRẦN HỮU SANG,Đang hoạt động (đã được cấp GCN ĐKT),2301273396,2025-03-03 10:03:41,https://masothue.com/2301273396-cong-ty-tnhh-dich-vu-va-thuong-mai-sbg-viet-nam
2024-01-25,"Khu phố Giang Liễu, Phường Phương Liễu, Thị xã Quế Võ, Tỉnh Bắc Ninh, Việt Nam","2610, 4932, 5510, 5610, 5629, 5630, 7810, 7830, 9329",CÔNG TY TNHH NEWSUN WORK,NEWSUN WORK CO.LTD,Công ty trách nhiệm hữu hạn ngoài NN,NEWSUN WORK COMPANY LIMITED,2025-01-12 05:22:01,7820,Chi cục Thuế khu vực Tiên Du - Quế Võ,0358647333,LÊ ĐỨC PHIÊU,Đang hoạt động (đã được cấp GCN ĐKT),2301273420,2025-03-03 10:03:44,https://masothue.com/2301273420-cong-ty-tnhh-newsun-work
2001-08-06,"Số 2A/A1 khu công nghiệp Đồng Kỵ, Phường Đồng Kỵ, Thị xã Từ Sơn, Tỉnh Bắc Ninh, Việt Nam","0129, 0240, 5510, 6810",XÍ NGHIỆP MỸ NGHỆ MINH TÂM -(TN),,,,2024-10-27 19:11:01,,Chi cục Thuế khu vực Từ Sơn - Yên Phong,0241834798,NGUYỄN MINH TÂM,,2300232196,2025-03-03 10:03:47,https://masothue.com/2300232196-xi-nghiep-my-nghe-minh-tam-tn
2024-01-30,"Khu phố Phương Cầu, Phường Phương Liễu, Thị xã Quế Võ, Tỉnh Bắc Ninh, Việt Nam","2610, 4932, 5510, 5610, 5629, 5630, 7810, 7830, 9329",CÔNG TY TNHH ĐIỆN TỬ JP VINA,JP VINA ELECTRONIC CO.LTD,Công ty trách nhiệm hữu hạn 2 thành viên trở lên ngoài NN,JP VINA ELECTRONIC COMPANY LIMITED,2025-01-12 12:15:01,7820,Chi cục Thuế khu vực Tiên Du - Quế Võ,0968086616,PHẠM ĐÌNH CƯỜNG,Đang hoạt động (đã được cấp GCN ĐKT),2301273854,2025-03-03 10:03:50,https://masothue.com/2301273854-cong-ty-tnhh-dien-tu-jp-vina
2024-02-29,"Thửa đất số 385, tờ bản đồ số 22, Khu phố Do Nha, Phường Phương Liễu, Thị xã Quế Võ, Tỉnh Bắc Ninh, Việt Nam","3312, 4649, 4651, 4652, 4659, 4663, 4669",CÔNG TY TNHH KSEET VIỆT NAM,"KSEET VN CO.,LTD",Công ty trách nhiệm hữu hạn ngoài NN,KSEET VIETNAM COMPANY LIMITED,2025-01-24 09:28:01,4690,Cục Thuế Tỉnh Bắc Ninh,0359628099,"LI, HONGJUN",Đang hoạt động (đã được cấp GCN ĐKT),2301275731,2025-03-03 10:03:53,https://masothue.com/2301275731-cong-ty-tnhh-kseet-viet-nam
2024-03-14,"Khu 4, Khu Phố Giang Liễu, Phường Phương Liễu, Thị xã Quế Võ, Tỉnh Bắc Ninh, Việt Nam","4610, 4632, 4641, 4649, 4669, 4690, 4719, 4763, 4771, 4772, 4773, 5629, 5630, 7310, 7410, 7721, 8230, 8299, 8531, 8532, 8533, 9311, 9312, 9319, 9610, 9639",CÔNG TY TNHH A.D SUPER ACADEMY,"A.D SUPER ACADEMY CO., LTD",Công ty trách nhiệm hữu hạn ngoài NN,A.D SUPER ACADEMY COMPANY LIMITED,2025-02-07 18:06:01,8551,Chi cục Thuế khu vực Tiên Du - Quế Võ,0972571226,TRẦN THỊ DIÊN,,2301277009,2025-03-03 10:03:55,https://masothue.com/2301277009-cong-ty-tnhh-a-d-super-academy
2024-03-29,"Khu phố Phương Cầu, Phường Phương Liễu, Thị xã Quế Võ, Tỉnh Bắc Ninh, Việt Nam","1311, 1312, 1410, 1430, 1512, 3312, 3313, 3314, 3319, 3320, 4101, 4102, 4211, 4212, 4221, 4222, 4223, 4229, 4291, 4292, 4293, 4299, 4321, 4329, 4330, 4390, 4641, 4649, 4651, 4652, 4659, 4662, 4669, 4690, 4752, 4759, 8299",CÔNG TY TNHH XÂY DỰNG VÀ THƯƠNG MẠI ÂN PHÚC VINH,,Công ty trách nhiệm hữu hạn ngoài NN,AN PHUC VINH CONSTRUCTION AND TRADING COMPANY LIMITED,2025-02-09 10:04:01,2592,Chi cục Thuế khu vực Tiên Du - Quế Võ,0912112457,NGUYỄN ĐẮC LƯỢNG,Đang hoạt động (đã được cấp GCN ĐKT),2301279415,2025-03-03 10:03:56,https://masothue.com/2301279415-cong-ty-tnhh-xay-dung-va-thuong-mai-an-phuc-vinh
2024-02-05,"Nhà xưởng 10C thuộc lô A3 Khu liền kề (ngoài KCN Quế Võ), Phường Phương Liễu, Thị xã Quế Võ, Tỉnh Bắc Ninh, Việt Nam","2592, 2599, 2829, 3312",CÔNG TY TNHH JLK TECHNOLOGY (VIỆT NAM),"JLK TECHNOLOGY (VN) CO.,LTD",Công ty trách nhiệm hữu hạn ngoài NN,JLK TECHNOLOGY (VIETNAM) COMPANY LIMITED,2025-02-09 20:14:01,2651,Cục Thuế Tỉnh Bắc Ninh,0982182553,TAN SIA NGUAN EUGENE (CHEN XIAYUAN),Đang hoạt động (đã được cấp GCN ĐKT),2301274456,2025-03-03 10:03:58,https://masothue.com/2301274456-cong-ty-tnhh-jlk-technology-viet-nam
2024-04-17,"Khu phố Hà Liễu, Phường Phương Liễu, Thị xã Quế Võ, Tỉnh Bắc Ninh, Việt Nam","2220, 2511, 2591, 2592, 2599, 2732, 2819, 3312, 3319",CÔNG TY TNHH CÔNG NGHIỆP JINKE VIỆT NAM,"JINKE VIET NAM INDUSTRIAL CO.,LTD",Công ty trách nhiệm hữu hạn ngoài NN,JINKE VIET NAM INDUSTRIAL COMPANY LIMITED,2025-02-10 14:58:01,4659,Chi cục Thuế khu vực Tiên Du - Quế Võ,0853489991,WU MINGHUI,Đang hoạt động (đã được cấp GCN ĐKT),2301282224,2025-03-03 10:04:01,https://masothue.com/2301282224-cong-ty-tnhh-cong-nghiep-jinke-viet-nam
2024-04-24,"Khu phố Do Nha, Phường Phương Liễu, Thị xã Quế Võ, Tỉnh Bắc Ninh, Việt Nam","1701, 1702, 1709, 1811, 2220, 2512, 2591, 2592, 2593, 2599, 2610, 3250, 3290, 3311, 3312, 3700, 3811, 3812, 3821, 3822, 3900, 4101, 4102, 4211, 4212, 4221, 4222, 4223, 4229, 4291, 4292, 4293, 4299, 4311, 4312, 4321, 4322, 4329, 4330, 4390, 4511, 4512, 4513, 4520, 4530, 4541, 4542, 4543, 4610, 4631, 4632, 4633, 4634, 4641, 4649, 4651, 4652, 4653, 4659, 4662, 4663, 4669, 4721, 4722, 4723, 4724, 4730, 4741, 4742, 4752, 4753, 4759, 4772, 4773, 4789, 4799, 5210, 5224, 5510, 5590, 5610, 5621, 5629, 5630, 6201, 6202, 6209, 7020, 7310, 7320, 7410, 7710, 7730, 8129, 8299, 8559, 8560, 9321, 9329, 9511, 9512, 9521, 9529",CÔNG TY TNHH THANH TRÚC KINH BẮC,,Công ty trách nhiệm hữu hạn ngoài NN,THANH TRUC KINH BAC COMPANY LIMITED,2025-02-11 16:43:01,4791,Cục Thuế Tỉnh Bắc Ninh,0949942222,NGUYỄN CÔNG THỨC,Đang hoạt động (đã được cấp GCN ĐKT),2301283179,2025-03-03 10:04:04,https://masothue.com/2301283179-cong-ty-tnhh-thanh-truc-kinh-bac
2024-05-09,"Cụm công nghiệp Hà Mãn - Trí Quả, Phường Hà Mãn, Thị xã Thuận Thành, Tỉnh Bắc Ninh, Việt Nam","2013, 2219, 2220, 2610, 2651, 2710, 2829, 3290, 3830, 4649, 4652, 4659, 4663, 4690, 4752, 6810, 7730, 8299",CÔNG TY TNHH ZHONGSU VIỆT NAM,"ZHONGSU VIETNAM CO., LTD",Công ty trách nhiệm hữu hạn ngoài NN,ZHONGSU VIETNAM COMPANY LIMITED,2025-02-26 12:24:01,4669,Cục Thuế Tỉnh Bắc Ninh,,"FAN, HONGWU",Đang hoạt động (đã được cấp GCN ĐKT),2400990531,2025-03-03 10:04:07,https://masothue.com/2400990531-cong-ty-tnhh-zhongsu-viet-nam
2024-05-16,"Khu phố Giang Liễu, Phường Phương Liễu, Thị xã Quế Võ, Tỉnh Bắc Ninh, Việt Nam","3311, 3312, 3313, 3314, 3319, 4653, 4659, 4690",CÔNG TY CỔ PHẦN SMV TECH,"SMV TECH., JSC",Công ty cổ phần ngoài NN,SMV TECH JOINT STOCK COMPANY,2025-02-13 13:11:01,2592,Chi cục Thuế khu vực Tiên Du - Quế Võ,,PARK SOOBEEN,Đang hoạt động (đã được cấp GCN ĐKT),2301285754,2025-03-03 10:04:10,https://masothue.com/2301285754-cong-ty-co-phan-smv-tech
2024-06-07,"Thửa đất số 97, Tờ bản đồ số 37, Khu phố Do Nha, Phường Phương Liễu, Thị xã Quế Võ, Tỉnh Bắc Ninh, Việt Nam","2399, 2410, 2420, 2591, 2592, 2599, 3290, 4610, 4649, 4659, 4662, 4663, 4690, 4933, 5210, 5224, 5229, 8299",CÔNG TY TNHH LONGXINDA VIỆT NAM,"LONGXINDA VIETNAM CO.,LTD",Công ty trách nhiệm hữu hạn ngoài NN,LONGXINDA VIETNAM COMPANY LIMITED,2025-02-14 19:24:01,4669,Chi cục Thuế khu vực Tiên Du - Quế Võ,,"WU, YUANXIAN",Đang hoạt động (đã được cấp GCN ĐKT),2301288730,2025-03-03 10:04:12,https://masothue.com/2301288730-cong-ty-tnhh-longxinda-viet-nam
2024-06-14,"Khu phố Do Nha, Phường Phương Liễu, Thị xã Quế Võ, Tỉnh Bắc Ninh, Việt Nam","2591, 2620, 2640, 2710, 2720, 2731, 2732, 2733, 2740, 2750, 2790, 3312, 3313, 3314, 3319, 3320, 4610, 4649, 4651, 4652, 4653, 4659, 4663, 4669, 4690, 4719, 4741, 4752, 4759, 4763, 4773, 8299, 9511, 9521",CÔNG TY TNHH CÔNG NGHỆ YUTAO,"YUTAO TECHNOLOGY CO.,LTD",Công ty trách nhiệm hữu hạn ngoài NN,YUTAO TECHNOLOGY COMPANY LIMITED,2025-02-14 23:07:02,2610,Chi cục Thuế khu vực Tiên Du - Quế Võ,0857789438,LƯU VĂN HÙNG,Đang hoạt động (đã được cấp GCN ĐKT),2301289942,2025-03-03 10:04:14,https://masothue.com/2301289942-cong-ty-tnhh-cong-nghe-yutao
2020-06-04,"Lô CN5B-1, Khu công nghiệp Quế võ III, Phường Việt Hùng, Thị xã Quế Võ, Tỉnh Bắc Ninh, Việt Nam","1410, 1811, 1812, 2013, 2220, 2591, 2592, 2593, 2818, 2819, 2930, 3312, 3314, 3319, 3320, 3811, 3830, 4101, 4102, 4211, 4212, 4291, 4292, 4293, 4299, 4311, 4312, 4321, 4322, 4330, 4620, 4632, 4649, 4651, 4652, 4653, 4659, 4661, 4662, 4663, 4669, 4690, 4771, 4772, 4773, 4774, 4921, 4922, 4931, 4932, 4933, 5021, 5022, 5210, 5221, 5224, 5510, 5590, 5610, 5621, 6810, 7710, 7830, 8130, 8299, 9311, 9329",CÔNG TY TNHH PHÁT TRIỂN BÌNH MINH VN,,Công ty trách nhiệm hữu hạn 2 thành viên trở lên ngoài NN,,2024-12-07 15:25:01,2599,Cục Thuế Tỉnh Bắc Ninh,0846721672,LÊ THỊ DIỆU,Đang hoạt động (đã được cấp GCN ĐKT),2301139217,2025-03-03 10:04:17,https://masothue.com/2301139217-cong-ty-tnhh-phat-trien-binh-minh-vn
2020-06-29,"Lô CN1-2, Khu công nghiệp Quế Võ III, Phường Việt Hùng, Thị xã Quế Võ, Tỉnh Bắc Ninh, Việt Nam",1811,CÔNG TY TNHH DONGWON TECH VINA,"DONGWON TECH VINA CO.,LTD",Công ty trách nhiệm hữu hạn ngoài NN,DONGWON TECH VINA COMPANY LIMITED,2024-12-08 00:02:01,2220,Cục Thuế Tỉnh Bắc Ninh,02223904002,OH HWANMIN,Đang hoạt động (đã được cấp GCN ĐKT),2301141287,2025-03-03 10:04:19,https://masothue.com/2301141287-cong-ty-tnhh-dongwon-tech-vina
2020-07-20,"Khu Phố Nghiêm Xá, Phường Việt Hùng, Thị xã Quế Võ, Tỉnh Bắc Ninh, Việt Nam","1410, 2592, 2610, 2640, 3312, 3314, 3320, 4321, 4322, 4329, 4330, 4390, 4641, 4649, 4651, 4653, 4659, 4661, 4662, 4663, 4669, 4690, 4933, 5210, 5224, 5225, 5229, 8299",CÔNG TY TNHH CÔNG NGHỆ BẢO KHÁNH VIỆT NAM,"BAO KHANH VIET NAM TECHNOLOGY CO .,LTD",Công ty trách nhiệm hữu hạn ngoài NN,BAO KHANH VIET NAM TECHNOLOGY COMPANY LIMITED,2024-12-08 08:48:01,4652,Chi cục Thuế khu vực Tiên Du - Quế Võ,0982031638,NGUYỄN THỊ HIỀN,Đang hoạt động (đã được cấp GCN ĐKT),2301143862,2025-03-03 10:04:22,https://masothue.com/2301143862-cong-ty-tnhh-cong-nghe-bao-khanh-viet-nam
2020-07-24,"Khu Phố Can Vũ, Phường Việt Hùng, Thị xã Quế Võ, Tỉnh Bắc Ninh, Việt Nam","1010, 1020, 1030, 1811, 2592, 2610, 4631, 4632, 4633, 4649, 4721, 4931, 4933, 4940, 5021, 5022, 5210, 5224, 5225, 5229, 5510, 5590, 5610, 5621, 5629, 5630, 7820, 7830",CÔNG TY TNHH THƯƠNG MẠI VÀ DỊCH VỤ VẬN TẢI TRƯỜNG XUÂN,"TRUONG XUAN TRADE AND TRANSPORT SERVICES CO.,LTD",Công ty trách nhiệm hữu hạn ngoài NN,TRUONG XUAN TRADE AND TRANSPORT SERVICES COMPANY LIMITED,2025-02-25 08:27:02,4932,Chi cục Thuế khu vực Tiên Du - Quế Võ,0967152739,NGUYỄN MẠNH TRƯỜNG,Đang hoạt động (đã được cấp GCN ĐKT),2301144351,2025-03-03 10:04:24,https://masothue.com/2301144351-cong-ty-tnhh-thuong-mai-va-dich-vu-van-tai-truong-xuan
2020-08-18,"Khu phố Nghiêm Xá, Phường Việt Hùng, Thị xã Quế Võ, Tỉnh Bắc Ninh, Việt Nam","1629, 2220, 2410, 2420, 2431, 2432, 2511, 2591, 2592, 2593, 2599, 2610, 2651, 2670, 2829, 3211, 3240, 3290, 3311, 3312, 3313, 3314, 3315, 3319, 3320, 4610, 4649, 4652, 4659, 4661, 4662, 4663, 4690, 4752, 4759, 4761, 4933, 5210, 5225, 5229, 6820, 7410, 7730, 8299",CÔNG TY TNHH PHOENIX TECH VINA,"PHOENIX TECH VINA CO., LTD",Công ty trách nhiệm hữu hạn 2 thành viên trở lên ngoài NN,PHOENIX TECH VINA COMPANY LIMITED,2024-12-08 18:25:01,4669,Chi cục Thuế khu vực Tiên Du - Quế Võ,0344377329,TRẦN THỊ PHƯỢNG,Đang hoạt động (đã được cấp GCN ĐKT),2301146711,2025-03-03 10:04:27,https://masothue.com/2301146711-cong-ty-tnhh-phoenix-tech-vina
2020-11-02,"Khu phố Lựa, Phường Việt Hùng, Thị xã Quế Võ, Tỉnh Bắc Ninh, Việt Nam","1621, 1622, 1623, 1629, 2310, 2396, 2640, 2651, 2740, 2790, 3100, 3320, 3830, 4101, 4102, 4211, 4212, 4221, 4222, 4223, 4229, 4291, 4292, 4293, 4311, 4312, 4321, 4322, 4329, 4330, 4390, 4610, 4620, 4649, 4659, 4663, 4669, 4690, 4719, 4752, 4759, 4773, 4791, 4799, 4933, 5022, 5210, 5510, 5590, 5630, 7110, 7410, 7730, 8130, 8299",CÔNG TY TNHH ELCONS,,Công ty trách nhiệm hữu hạn 2 thành viên trở lên ngoài NN,ELCONS COMPANY LIMITED,2024-12-10 00:31:01,4299,Chi cục Thuế khu vực Tiên Du - Quế Võ,,TRẦN VĂN HÙNG,Đang hoạt động (đã được cấp GCN ĐKT),0109397498,2025-03-03 10:04:29,https://masothue.com/0109397498-cong-ty-tnhh-elcons
2020-12-09,"Khu phố Nghiêm Xá, Phường Việt Hùng, Thị xã Quế Võ, Tỉnh Bắc Ninh, Việt Nam","3812, 3821, 3822, 3830, 3900, 4651, 4652, 4741",CÔNG TY TNHH MTV ĐÀ NẴNG - MIỀN TRUNG,,Công ty trách nhiệm hữu hạn ngoài NN,,2024-12-10 19:15:01,3811,Chi cục Thuế khu vực Tiên Du - Quế Võ,0982847759,TRƯƠNG THỊ DIỆU,Đang hoạt động (đã được cấp GCN ĐKT),2301156639,2025-03-03 10:04:32,https://masothue.com/2301156639-cong-ty-tnhh-mtv-da-nang-mien-trung
2021-01-05,"lô CN1B-1, KCN Quế Võ 3, Phường Việt Hùng, Thị xã Quế Võ, Tỉnh Bắc Ninh, Việt Nam","2599, 3312, 3314, 3319, 4651, 4652, 4659, 4663, 4669, 4690, 7110",CÔNG TY TNHH CÔNG NGHỆ SET SAIL,"SET SAIL TECHNOLOGY CO.,LTD",Công ty trách nhiệm hữu hạn ngoài NN,SET SAIL TECHNOLOGY COMPANY LIMITED,2024-12-11 04:00:01,2819,Cục Thuế Tỉnh Bắc Ninh,032 5340274,WEI XIAODONG,Đang hoạt động (đã được cấp GCN ĐKT),2301161981,2025-03-03 10:04:34,https://masothue.com/2301161981-cong-ty-tnhh-cong-nghe-set-sail
2021-01-11,"QL18 Phố Guột, Phường Việt Hùng, Thị xã Quế Võ, Tỉnh Bắc Ninh, Việt Nam","0220, 1610, 1621, 1622, 1623, 1629, 1811, 1812, 2392, 2395, 2396, 2410, 2420, 2511, 2512, 2513, 2591, 2592, 2593, 2599, 3100, 3311, 3320, 4101, 4102, 4211, 4212, 4221, 4222, 4223, 4229, 4291, 4292, 4293, 4299, 4311, 4312, 4321, 4322, 4329, 4330, 4390, 4610, 4649, 4651, 4652, 4653, 4659, 4662, 4669, 4690, 4752, 4753, 4759, 4773, 4791, 4799, 4932, 4933, 5224, 7710, 7730, 7810, 8121, 8129, 8130, 8299",CÔNG TY TNHH VẬT TƯ XÂY DỰNG NTP,,Công ty trách nhiệm hữu hạn ngoài NN,NTP SUPPLIES CONSTRUCTION COMPANY LIMITED,2024-12-11 05:08:01,4663,Chi cục Thuế khu vực Tiên Du - Quế Võ,0392072406,NGUYỄN VĂN TUẤN,Đang hoạt động (đã được cấp GCN ĐKT),2301163682,2025-03-03 10:04:37,https://masothue.com/2301163682-cong-ty-tnhh-vat-tu-xay-dung-ntp
2021-04-08,"Khu phố Lựa, Phường Việt Hùng, Thị xã Quế Võ, Tỉnh Bắc Ninh, Việt Nam",,CÔNG TY CỔ PHẦN TƯ VẤN XÂY DỰNG 299 BẮC NINH,,Công ty cổ phần ngoài NN,,2024-12-12 12:55:02,,Chi cục Thuế khu vực Tiên Du - Quế Võ,0976997636-091295236,NGUYỄN VĂN TÙNG,Đang hoạt động (đã được cấp GCN ĐKT),2301172687,2025-03-03 10:04:40,https://masothue.com/2301172687-cong-ty-co-phan-tu-van-xay-dung-299-bac-ninh
2021-04-22,"Lô CN 1-4, Khu công nghiệp Quế Võ III, Phường Việt Hùng, Thị xã Quế Võ, Tỉnh Bắc Ninh, Việt Nam","1709, 2220",CÔNG TY TNHH KỸ THUẬT ĐIỆN TỬ WEICHENGDA VIỆT NAM,"WEICHENGDA VIETNAM ELECTRONIC TECHNIQUE CO.,LTD",Công ty trách nhiệm hữu hạn ngoài NN,WEICHENGDA VIETNAM ELECTRONIC TECHNIQUE COMPANY LIMITED,2024-12-12 18:53:01,2592,Cục Thuế Tỉnh Bắc Ninh,0839232860,ZHANG WANSHUI,Đang hoạt động (đã được cấp GCN ĐKT),2301174236,2025-03-03 10:04:43,https://masothue.com/2301174236-cong-ty-tnhh-ky-thuat-dien-tu-weichengda-viet-nam
2021-04-28,"Khu phố Lựa, Phường Việt Hùng, Thị xã Quế Võ, Tỉnh Bắc Ninh, Việt Nam",,CÔNG TY TNHH TƯ VẤN VÀ ĐẦU TƯ LONG KHANG,,Công ty trách nhiệm hữu hạn 2 thành viên trở lên ngoài NN,LONG KHANG CONSULTING AND INVESTMENT COMPANY LIMITED,2024-12-12 21:26:02,,Chi cục Thuế khu vực Tiên Du - Quế Võ,0987 513 335,ĐÀM THỊ THANH THỦY PHẠM THỊ HÒA,Đang hoạt động (đã được cấp GCN ĐKT),2301174740,2025-03-03 10:04:45,https://masothue.com/2301174740-cong-ty-tnhh-tu-van-va-dau-tu-long-khang
2021-07-20,"Lô CN6-2B, khu công nghiệp Quế Võ III, Phường Việt Hùng, Thị xã Quế Võ, Tỉnh Bắc Ninh, Việt Nam","1610, 1621, 1622, 1623, 1629, 2410, 2420, 2431, 2432, 3100, 3320, 4101, 4102, 4211, 4212, 4221, 4222, 4223, 4229, 4291, 4292, 4293, 4299, 4311, 4312, 4321, 4322, 4329, 4330, 4390, 4649, 4662, 4663, 4669, 4759, 4931, 4932, 4933, 5610, 5621, 5629, 5630, 6820, 7110, 7730",CÔNG TY TNHH PHÁT TRIỂN CÔNG NGHIỆP HƯNG THỊNH PHÁT,,Công ty trách nhiệm hữu hạn 2 thành viên trở lên ngoài NN,,2024-12-13 23:20:01,6810,Cục Thuế Tỉnh Bắc Ninh,0983090287,NGÔ LÂM SƠN,Đang hoạt động (đã được cấp GCN ĐKT),2301180092,2025-03-03 10:04:48,https://masothue.com/2301180092-cong-ty-tnhh-phat-trien-cong-nghiep-hung-thinh-phat
2021-09-09,"Khu phố Nghiêm Xá, Phường Việt Hùng, Thị xã Quế Võ, Tỉnh Bắc Ninh, Việt Nam","0150, 2592, 2610, 2620, 2651, 2710, 2750, 3320, 4101, 4102, 4211, 4212, 4221, 4222, 4223, 4229, 4299, 4311, 4312, 4321, 4322, 4329, 4620, 4632, 4641, 4649, 4651, 4652, 4659, 4662, 4663, 4771, 4773, 4932, 4933, 5610, 7310, 7810, 7820, 7830, 7911, 7912, 8299, 8532",CÔNG TY TNHH SAMMI VINA,,Công ty trách nhiệm hữu hạn ngoài NN,,2024-12-14 23:48:01,2640,Chi cục Thuế khu vực Tiên Du - Quế Võ,0865018600,ĐINH VĂN HỮU,Đang hoạt động (đã được cấp GCN ĐKT),2301184435,2025-03-03 10:04:51,https://masothue.com/2301184435-cong-ty-tnhh-sammi-vina
2021-08-04,"Khu Phố Lựa, Phường Việt Hùng, Thị xã Quế Võ, Tỉnh Bắc Ninh, Việt Nam","0111, 0131, 0132, 1080, 2029, 2591, 2592, 2593, 3319, 4101, 4102, 4211, 4212, 4221, 4222, 4223, 4229, 4291, 4292, 4293, 4299, 4311, 4312, 4321, 4322, 4329, 4330, 4390, 4511, 4512, 4513, 4520, 4530, 4620, 4631, 4632, 4633, 4641, 4649, 4651, 4652, 4653, 4659, 4661, 4662, 4663, 4690, 4711, 4719, 4721, 4722, 4723, 4724, 4730, 4741, 4752, 4753, 4759, 4773, 4932, 4933, 5210, 5224, 5510, 5610, 5621, 5629, 5630, 7710, 7730, 8299",CÔNG TY TNHH ĐẦU TƯ VÀ PHÁT TRIỂN LONG KUN,CTY LONG KUN,Công ty trách nhiệm hữu hạn ngoài NN,LONG KUN INVESTMENT AND DEVELOPMENT COMPANY LIMITED,2024-12-14 14:06:01,4669,Chi cục Thuế khu vực Tiên Du - Quế Võ,0829999518,NGUYỄN THỊ NÔ,Đang hoạt động (đã được cấp GCN ĐKT),2301181480,2025-03-03 10:04:53,https://masothue.com/2301181480-cong-ty-tnhh-dau-tu-va-phat-trien-long-kun
2021-09-16,"Lô đất CN5A-4, KCN Quế Võ III, Phường Việt Hùng, Thị xã Quế Võ, Tỉnh Bắc Ninh, Việt Nam",,CÔNG TY TNHH DAEHWA PLASTIC VINA,"DAEHWA PLASTIC VINA CO.,LTD",Công ty trách nhiệm hữu hạn ngoài NN,DAEHWA PLASTIC VINA COMPANY LIMITED,2024-12-15 00:32:02,2220,Cục Thuế Tỉnh Bắc Ninh,0973 324 364,KIM WOO YONG,Đang hoạt động (đã được cấp GCN ĐKT),2301185862,2025-03-03 10:04:56,https://masothue.com/2301185862-cong-ty-tnhh-daehwa-plastic-vina
2021-09-15,"Khu phố Lợ, Phường Việt Hùng, Thị xã Quế Võ, Tỉnh Bắc Ninh, Việt Nam","1392, 1410, 2220, 2592, 2610, 3290, 3313, 3314, 3319, 3320, 3811, 3812, 3822, 3830, 3900, 4101, 4102, 4211, 4212, 4221, 4222, 4223, 4229, 4291, 4292, 4293, 4299, 4311, 4312, 4321, 4322, 4329, 4330, 4390, 4511, 4512, 4520, 4541, 4610, 4632, 4633, 4641, 4649, 4651, 4652, 4653, 4659, 4661, 4662, 4663, 4669, 4690, 4711, 4719, 4721, 4722, 4723, 4724, 4741, 4742, 4752, 4753, 4759, 4761, 4771, 4772, 4773, 4799, 4931, 4933, 5022, 5510, 5610, 5621, 5629, 5630, 7020, 7110, 7310, 7410, 7710, 7721, 7729, 7730, 7830, 7911, 7912, 8121, 8129, 8130, 8211, 8219, 8230, 8292, 8299, 8559, 9511, 9512, 9529",CÔNG TY TNHH GTECH VINA,,Công ty trách nhiệm hữu hạn ngoài NN,GTECH VINA COMPANY LIMITED,2024-12-15 00:38:01,3312,Chi cục Thuế khu vực Tiên Du - Quế Võ,0968011999,LÊ QUANG HƯỚNG,Đang hoạt động (đã được cấp GCN ĐKT),2301185654,2025-03-03 10:04:59,https://masothue.com/2301185654-cong-ty-tnhh-gtech-vina
2021-09-21,"Lô CN1B-2, KCN Quế Võ III ( Thuê tầng 1 Công ty TNHH Haelim Vina), Phường Việt Hùng, Thị xã Quế Võ, Tỉnh Bắc Ninh, Việt Nam","2592, 3312, 3314, 3319, 4659",CÔNG TY TNHH NTA VINA,,Công ty trách nhiệm hữu hạn ngoài NN,,2024-12-15 03:34:02,3311,Cục Thuế Tỉnh Bắc Ninh,0963875222,LÊ THỊ HOÀI,Đang hoạt động (đã được cấp GCN ĐKT),2301186545,2025-03-03 10:05:01,https://masothue.com/2301186545-cong-ty-tnhh-nta-vina
2021-10-11,"Lô CN5B-1, Khu công nghiệp Quế Võ 3, Phường Việt Hùng, Thị xã Quế Võ, Tỉnh Bắc Ninh, Việt Nam","4651, 4652, 4659, 8299",CÔNG TY TNHH DSK VINA,"DSK VINA CO., LTD",Công ty trách nhiệm hữu hạn 2 thành viên trở lên ngoài NN,DSK VINA COMPANY LIMITED,2024-12-15 14:37:02,2610,Cục Thuế Tỉnh Bắc Ninh,038 3955337,LÊ ĐỨC TRÌNH,Đang hoạt động (đã được cấp GCN ĐKT),2301188380,2025-03-03 10:05:04,https://masothue.com/2301188380-cong-ty-tnhh-dsk-vina
2021-10-20,"Khu phố Nghiêm Xá, Phường Việt Hùng, Thị xã Quế Võ, Tỉnh Bắc Ninh, Việt Nam","2511, 2591, 2593, 2599, 2610, 2620, 2630, 4101, 4102, 4221, 4222, 4229, 4312, 4321, 4322, 4329, 4330, 4641, 4649, 4651, 4652, 4653, 4659, 4741, 4761, 4933, 8299",CÔNG TY CỔ PHẦN SPEC TECH,"SPEC TECH., JSC",Công ty cổ phần ngoài NN,SPEC TECH JOINT STOCK COMPANY,2025-02-24 10:47:01,2592,Chi cục Thuế khu vực Tiên Du - Quế Võ,0828869333,NGUYỄN THỊ TRANG,Đang hoạt động (đã được cấp GCN ĐKT),2301189779,2025-03-03 10:05:06,https://masothue.com/2301189779-cong-ty-co-phan-spec-tech
2021-10-19,"Lô CN5A-3, KCN Quế Võ 3, Phường Việt Hùng, Thị xã Quế Võ, Tỉnh Bắc Ninh, Việt Nam","2599, 3290",CÔNG TY TNHH JINFU VIỆT NAM,"JINFU VIETNAM CO.,LTD",Công ty trách nhiệm hữu hạn ngoài NN,JINFU VIETNAM COMPANY LIMITED,2025-02-24 04:38:01,2220,Cục Thuế Tỉnh Bắc Ninh,02223666686,DO HWA,Đang hoạt động (đã được cấp GCN ĐKT),2301189698,2025-03-03 10:05:08,https://masothue.com/2301189698-cong-ty-tnhh-jinfu-viet-nam
2021-12-28,"Lô số CN1-4, Khu Công Nghiệp Quế Võ III, Phường Việt Hùng, Thị xã Quế Võ, Bắc Ninh",,CÔNG TY TNHH KONIT-EXC. VIETNAM,"KONIT-EXC. VIETNAM CO., LTD",Công ty trách nhiệm hữu hạn ngoài NN,KONIT-EXC. VIETNAM COMPANY LIMITED,2024-12-17 10:06:01,2599,Cục Thuế Tỉnh Bắc Ninh,+84911429890,"Cui, Long",Đang hoạt động (đã được cấp GCN ĐKT),2301198332,2025-03-03 10:05:10,https://masothue.com/2301198332-cong-ty-tnhh-konit-exc-vietnam
2022-02-11,"Lô CN 1B-2 Khu công nghiệp Quế Võ III, Phường Việt Hùng, Thị xã Quế Võ, Tỉnh Bắc Ninh, Việt Nam",,CÔNG TY TNHH JBTECH VINA,"JBTECH VINA CO., LTD",Công ty trách nhiệm hữu hạn 2 thành viên trở lên ngoài NN,JBTECH VINA COMPANY LIMITED,2024-12-18 01:15:01,2610,Cục Thuế Tỉnh Bắc Ninh,0966017353,"KWON, IN WOOK",Đang hoạt động (đã được cấp GCN ĐKT),2301201754,2025-03-03 10:05:13,https://masothue.com/2301201754-cong-ty-tnhh-jbtech-vina
2004-02-10,"Thôn Châu Cầu, Xã Châu Phong, Thị xã Quế Võ, Tỉnh Bắc Ninh, Việt Nam",,CỬA HÀNG XĂNG DẦU CHÂU CẦU,,,,2024-10-30 04:15:01,,Chi cục Thuế khu vực Tiên Du - Quế Võ,0983003919,NGUYỄN VĂN TUYỂN,Đang hoạt động (đã được cấp GCN ĐKT),2300235165,2025-03-03 10:05:15,https://masothue.com/2300235165-cua-hang-xang-dau-chau-cau
2009-06-19,"Lô CN-C1 Cụm công nghiệp Châu Phong, thôn Châu Cầu , Xã Châu Phong, Thị xã Quế Võ, Tỉnh Bắc Ninh, Việt Nam","2599, 4669",CÔNG TY TNHH HÓA CHẤT VÀ MẠ ĐIỆN TRUNG KIÊN,"T.K CO.,LTD",Công ty trách nhiệm hữu hạn 2 thành viên trở lên ngoài NN,,2024-11-08 10:46:06,3320,Cục Thuế Tỉnh Bắc Ninh,,WU SHAOKUN,Đang hoạt động (đã được cấp GCN ĐKT),2300477679,2025-03-03 10:05:17,https://masothue.com/2300477679-cong-ty-tnhh-hoa-chat-va-ma-dien-trung-kien
2008-04-14,"Thôn Châu Cầu, Xã Châu Phong, Thị xã Quế Võ, Tỉnh Bắc Ninh, Việt Nam",,CÔNG TY CỔ PHẦN PPI,,Công ty cổ phần ngoài NN,PPI JOINT STOCK COMPANY,2024-11-03 01:43:01,,Cục Thuế Tỉnh Bắc Ninh,02223624422,MANFRED SCHENK,Đang hoạt động (đã được cấp GCN ĐKT),2300328878,2025-03-03 10:05:19,https://masothue.com/2300328878-cong-ty-co-phan-ppi
2010-08-02,"Cụm công nghiệp Châu Phong, thôn Châu Cầu, Xã Châu Phong, Thị xã Quế Võ, Tỉnh Bắc Ninh, Việt Nam",,CÔNG TY TNHH MỘT THÀNH VIÊN CÔNG NGHIỆP TRIỆU ĐỊCH,"TRIEU DICH INDUSTRY CO.,LTD",Công ty trách nhiệm hữu hạn ngoài NN,TRIEU DICH INDUSTRY COMPANY LIMITED,2024-11-03 04:31:01,2930,Cục Thuế Tỉnh Bắc Ninh,0389113886,"LU, TSUNG - YIN",Đang hoạt động (đã được cấp GCN ĐKT),2300565205,2025-03-03 10:05:22,https://masothue.com/2300565205-cong-ty-tnhh-mot-thanh-vien-cong-nghiep-trieu-dich
2009-06-29,"Thôn Châu Cầu, Xã Châu Phong, Thị xã Quế Võ, Tỉnh Bắc Ninh, Việt Nam","2391, 2392, 2395, 4100, 4210, 4220, 4290, 4311, 4312, 4321, 4322, 4329, 4390, 4511, 4520, 4530, 4541, 4542, 4543, 4661, 4663",CÔNG TY CỔ PHẦN TOKO QUARTZ ASI,TOKO QUARTZ ASI,Công ty cổ phần ngoài NN,TOKO QUARTZ ASI JOINT STOCK COMPANY,2024-11-03 08:43:01,4933,Chi cục Thuế khu vực Tiên Du - Quế Võ,02223624585,NGUYỄN HÙNG ANH,Đang hoạt động (đã được cấp GCN ĐKT),2300464013,2025-03-03 10:05:25,https://masothue.com/2300464013-cong-ty-co-pha-n-vat-lieu-xay-dung-ha-long
2011-09-12,"Lô CN-C12, Cụm công nghiệp Châu Phong, thôn Châu Cầu, Xã Châu Phong, Thị xã Quế Võ, Tỉnh Bắc Ninh, Việt Nam","1811, 2011, 4690, 4799, 8299",CÔNG TY TNHH HOÁ CHẤT YONG FU XIN,"YONG FU XIN CO., LTD",Công ty trách nhiệm hữu hạn ngoài NN,YONG FU XIN COMPANY LIMITED,2024-11-16 08:50:21,2029,Cục Thuế Tỉnh Bắc Ninh,,Guo Menyou,Đang hoạt động (đã được cấp GCN ĐKT),2300672493,2025-03-03 10:05:28,https://masothue.com/2300672493-cong-ty-tnhh-hoa-chat-yong-fu-xin
2018-03-20,"Xưởng 02, Lô CN-C9+C10 Cụm công nghiệp Châu Phong, Thôn Châu Cầu, Xã Châu Phong, Thị xã Quế Võ, Tỉnh Bắc Ninh, Việt Nam","2592, 2610, 4690, 8292, 8299",CÔNG TY TNHH BKWK STATIC ELECTRICITY (VIET NAM),BKWK,Công ty trách nhiệm hữu hạn ngoài NN,BKWK STATIC ELECTRICITY (VIET NAM) COMPANY LIMITED,2024-11-10 01:06:02,2220,Cục Thuế Tỉnh Bắc Ninh,0942032610,"SHEN, YUNFENG",Đang hoạt động (đã được cấp GCN ĐKT),2301022522,2025-03-03 10:05:30,https://masothue.com/2301022522-cong-ty-tnhh-bkwk-static-electricity-viet-nam
2018-03-23,"Lô CN-C1, cụm công nghiệp Châu Phong, Xã Châu Phong, Thị xã Quế Võ, Tỉnh Bắc Ninh, Việt Nam","2220, 2511, 2591, 2592, 2599, 4663, 4669, 4690, 4752, 4773, 8299",CÔNG TY TNHH NGŨ KIM NHUẬN LIÊN,,Công ty trách nhiệm hữu hạn ngoài NN,NHUAN LIEN HARDWARE COMPANY LIMITED,2024-11-15 13:38:01,4662,Chi cục Thuế khu vực Tiên Du - Quế Võ,0963177728,NGUYỄN THỊ TUYẾT,Đang hoạt động (đã được cấp GCN ĐKT),2301022787,2025-03-03 10:05:33,https://masothue.com/2301022787-cong-ty-tnhh-ngu-kim-nhuan-lien
2016-11-14,"(NR Nguyễn Văn Tiến) Thôn Văn Phong, Xã Châu Phong, Thị xã Quế Võ, Tỉnh Bắc Ninh, Việt Nam","1622, 2220, 2395, 2511, 2599, 2790, 4101, 4102, 4211, 4212, 4221, 4222, 4223, 4229, 4291, 4292, 4299, 4311, 4312, 4321, 4322, 4330, 4390, 4620, 4631, 4632, 4633, 4634, 4641, 4649, 4651, 4652, 4653, 4659, 4661, 4662, 4663, 4669, 4690, 4711, 4719, 4721, 4722, 4723, 4724, 4741, 4742, 4751, 4752, 4753, 4759, 4761, 4762, 4763, 4764, 4771, 4772, 4773, 4774, 4781, 4782, 4789, 4931, 4932, 4933, 5011, 5012, 5021, 5022, 6619, 6810, 6820, 7810",CÔNG TY TNHH FUCASI JAPAN,"FUCASI JAPAN CO.,LTD",Công ty trách nhiệm hữu hạn ngoài NN,FUCASI JAPAN COMPANY LIMITED,2024-12-31 11:47:01,4329,Chi cục Thuế khu vực Tiên Du - Quế Võ,0976223689,NGUYỄN VĂN TIẾN,Đang hoạt động (đã được cấp GCN ĐKT),2300952003,2025-03-03 10:05:36,https://masothue.com/2300952003-cong-ty-tnhh-fucasi-japan
2017-03-09,"Thôn Thất Gian, Xã Châu Phong, Thị xã Quế Võ, Tỉnh Bắc Ninh, Việt Nam","0620, 0810, 1104, 1811, 1812, 2219, 2220, 2392, 2393, 2395, 2592, 2593, 2610, 2620, 2630, 2640, 2651, 2710, 2733, 2740, 2750, 2812, 2814, 2817, 2821, 3313, 3315, 3320, 3530, 3811, 3812, 3821, 3822, 4101, 4102, 4211, 4212, 4221, 4222, 4223, 4229, 4291, 4292, 4293, 4299, 4311, 4312, 4321, 4322, 4329, 4330, 4511, 4512, 4513, 4520, 4530, 4541, 4542, 4543, 4610, 4620, 4631, 4632, 4633, 4634, 4641, 4651, 4653, 4659, 4662, 4663, 4669, 4730, 4741, 4752, 4759, 4931, 4932, 4933, 5021, 5022, 5510, 5610, 5621, 5630, 6202, 7310, 7730, 7820, 7990, 8230, 8299, 8559, 9511",CÔNG TY TNHH VẬN TẢI VÀ XÂY DỰNG ĐỨC CẢNH,,Công ty trách nhiệm hữu hạn ngoài NN,,2024-11-19 04:37:01,4661,Chi cục Thuế khu vực Tiên Du - Quế Võ,0988686913,NGUYỄN VĂN SÁU,Đang hoạt động (đã được cấp GCN ĐKT),2300976572,2025-03-03 10:05:38,https://masothue.com/2300976572-cong-ty-tnhh-van-tai-va-xay-dung-duc-canh
2012-01-05,"Thôn Hôm, Xã Đào Viên, Thị xã Quế Võ, Tỉnh Bắc Ninh, Việt Nam","1392, 1410, 2391, 2392, 2393, 2394, 2395, 2396, 4102, 4211, 4212, 4221, 4222, 4223, 4229, 4291, 4292, 4293, 4299, 4311, 4312, 4321, 4322, 4329, 4330, 4390, 4610, 4662, 4663, 4711, 4752, 4764, 4771, 4932, 4933, 5210, 5224, 5610, 5629, 5630, 7110, 7710, 7730, 8511, 8512, 8521, 8522, 8523, 8551, 8552, 8559, 9311, 9329",CÔNG TY TNHH XÂY DỰNG VÀ THƯƠNG MẠI PHÚC AN STARLIGHT,"STARLIGHT PHUC AN TRADING AND CONSTRUCTION CO.,LTD",Công ty trách nhiệm hữu hạn 2 thành viên trở lên ngoài NN,STARLIGHT PHUC AN TRADING AND CONSTRUCTION COMPANY LIMITED,2025-02-26 01:33:01,4101,Chi cục Thuế khu vực Tiên Du - Quế Võ,0987739866,ĐỖ VĂN LUYẾN,Đang hoạt động (đã được cấp GCN ĐKT),2300704106,2025-03-03 10:05:40,https://masothue.com/2300704106-cong-ty-tnhh-xay-dung-va-thuong-mai-phuc-an-starlight
2016-03-08,"Thôn Đông Du, Xã Đào Viên, Thị xã Quế Võ, Tỉnh Bắc Ninh, Việt Nam","1104, 3530, 3600, 4101, 4102, 4299, 4311, 4312, 4511, 4520, 4541, 4542, 4543, 4633, 4649, 4659, 4662, 4663, 4719, 4741, 4752, 4931, 4932, 4933, 5510, 5610, 6492, 7721, 8299, 8620, 9321, 9329",CÔNG TY TNHH TUẤN THÀNH LIÊN,"TUAN THANH LIEN CO.,LTD",Công ty trách nhiệm hữu hạn ngoài NN,TUAN THANH LIEN LIMITED COMPANY,2024-11-10 20:42:01,8610,Chi cục Thuế khu vực Tiên Du - Quế Võ,0903291450,NGUYỄN ĐẮC OÁT,,2300932864,2025-03-03 10:05:43,https://masothue.com/2300932864-cong-ty-tnhh-tuan-thanh-lien
2008-12-26,"Số 23A1 Khu công nghiệp Đồng Kỵ, Phường Đồng Kỵ, Thành phố Từ Sơn, Bắc Ninh",,HỢP TÁC XÃ MỸ NGHỆ THIÊN PHÚ,,,,2024-10-27 19:42:01,,Chi cục Thuế khu vực Từ Sơn - Yên Phong,0241742335,Dương Công Đoàn,,2300232238,2025-03-03 10:05:46,https://masothue.com/2300232238-hop-tac-xa-my-nghe-thien-phu
2015-11-17,"Thôn Cổng (NR Nguyễn Tấn Đạt), Xã Đào Viên, Thị xã Quế Võ, Tỉnh Bắc Ninh, Việt Nam","2591, 2593, 2599, 3314, 4100, 4210, 4220, 4290, 4311, 4312, 4321, 4322, 4329, 4330, 4390, 4649, 4659, 4662, 4663, 4669, 4752, 7110",CÔNG TY TNHH CƠ KHÍ THƯƠNG MẠI VÀ XÂY DỰNG TIẾN ĐẠT,,Công ty trách nhiệm hữu hạn ngoài NN,,2024-11-13 06:22:02,2592,Chi cục Thuế khu vực Tiên Du - Quế Võ,0986731722,Nguyễn Tấn Đạt,Đang hoạt động (đã được cấp GCN ĐKT),2300900125,2025-03-03 10:05:48,https://masothue.com/2300900125-cong-ty-tnhh-co-khi-thuong-mai-va-xay-dung-tien-dat
2018-02-05,"Thôn Đông Du Núi, Xã Đào Viên, Thị xã Quế Võ, Tỉnh Bắc Ninh, Việt Nam","3311, 3312, 3314, 3315, 3319, 3320, 4100, 4210, 4220, 4290, 4311, 4312, 4321, 4322, 4329, 4330, 4390, 4520, 4530, 4610, 4649, 4659, 4669, 4690, 4719, 4752, 4753, 4759, 4931, 4932, 4933, 5210, 5224, 5229, 5510, 5590, 5610, 5621, 5629, 5630, 7110, 7410, 7710, 7730",CÔNG TY TNHH VINSTAR HC,"VINSTAR HC CO.,LTD",Công ty trách nhiệm hữu hạn ngoài NN,VINSTAR HC COMPANY LIMITED,2024-11-13 11:46:01,4663,Chi cục Thuế khu vực Tiên Du - Quế Võ,0906190788,Nguyễn Văn Hiếu,Đang hoạt động (đã được cấp GCN ĐKT),2301018131,2025-03-03 10:05:50,https://masothue.com/2301018131-cong-ty-tnhh-vinstar-hc
2014-11-12,"Thôn Lầy, Xã Đào Viên, Thị xã Quế Võ, Tỉnh Bắc Ninh, Việt Nam","0810, 0891, 0892, 0893, 0899, 0990, 4100, 4220, 4290, 4311, 4312, 4321, 4322, 4329, 4330, 4390, 4610, 4649, 4661, 4662, 4663, 4690, 4719, 4933, 5012, 5022, 5210, 5221, 5222, 5224, 5229, 5610, 5621, 5629, 5630",CÔNG TY CỔ PHẦN ĐẦU TƯ VÀ XÂY DỰNG C&K VIỆT NAM,"C&K.,JSC",Công ty cổ phần ngoài NN,VIET NAM C&K CONSTRUCTION AND INVESTMENT JOINT STOCK COMPANY,2024-11-18 10:10:02,4210,Chi cục Thuế khu vực Tiên Du - Quế Võ,0981139783,TRỊNH VĂN ĐOÀN,Đang hoạt động (đã được cấp GCN ĐKT),0106689492,2025-03-03 10:05:52,https://masothue.com/0106689492-cong-ty-co-phan-dau-tu-va-xay-dung-c-k-viet-nam
2013-11-15,"NR: Ông Nguyễn Hữu Thành, thôn Đông Du , Xã Đào Viên, Thị xã Quế Võ, Tỉnh Bắc Ninh, Việt Nam","0810, 1610, 1621, 1622, 1623, 1629, 2392, 2395, 2396, 3100, 4100, 4210, 4220, 4290, 4311, 4312, 4321, 4322, 4329, 4330, 4390, 4649, 4752, 4759, 4932, 4933, 6810",CÔNG TY TNHH XÂY DỰNG VÀ THƯƠNG MẠI TỔNG HỢP ĐỨC THỊNH,,Công ty trách nhiệm hữu hạn ngoài NN,,2024-11-18 14:52:01,4663,Chi cục Thuế khu vực Tiên Du - Quế Võ,0988123167,NGUYỄN HỮU THÀNH,Đang hoạt động (đã được cấp GCN ĐKT),2300789396,2025-03-03 10:05:53,https://masothue.com/2300789396-cong-ty-tnhh-xay-dung-va-thuong-mai-tong-hop-duc-thinh
2018-03-16,"Thôn Hôm, Xã Đào Viên, Thị xã Quế Võ, Tỉnh Bắc Ninh, Việt Nam","2591, 4100, 4210, 4220, 4641, 4649, 4652, 4659, 4663, 4690, 4752, 4773, 7110",CÔNG TY TNHH SẢN XUẤT VÀ THƯƠNG MẠI TỔNG HỢP VŨ ANH,,Công ty trách nhiệm hữu hạn ngoài NN,,2024-11-19 04:35:01,2592,Chi cục Thuế khu vực Tiên Du - Quế Võ,0917682958,ĐÀO VĂN THIẾT,Đang hoạt động (đã được cấp GCN ĐKT),2301022226,2025-03-03 10:05:56,https://masothue.com/2301022226-cong-ty-tnhh-san-xuat-va-thuong-mai-tong-hop-vu-anh
2019-11-04,"Lô VI-4.2 đường D3 cắt N1, KCN Quế Võ 2, Xã Ngọc Xá, Thị xã Quế Võ, Tỉnh Bắc Ninh, Việt Nam",,CÔNG TY TNHH CÔNG NGHỆ QUANG ĐIỆN TỬ DZC VIỆT NAM,"DZC OPTOELECTRONICS TECHNOLOGY (VIET NAM) CO.,LTD",Công ty trách nhiệm hữu hạn ngoài NN,DZC OPTOELECTRONICS TECHNOLOGY (VIET NAM) COMPANY LIMITED,2025-02-25 19:40:01,2599,Cục Thuế Tỉnh Bắc Ninh,,XIE EN,Đang hoạt động (đã được cấp GCN ĐKT),2301107864,2025-03-03 10:05:59,https://masothue.com/2301107864-cong-ty-tnhh-cong-nghe-quang-dien-tu-dzc-viet-nam
